[INFO] Scanning for projects...
[INFO] 
[INFO] -------------------< com.electoral:conteo-electoral >-------------------
[INFO] Building ConteoElectoral 1.0.0
[INFO]   from pom.xml
[INFO] --------------------------------[ jar ]---------------------------------
[INFO] 
[INFO] >>> spring-boot:3.2.1:run (default-cli) > test-compile @ conteo-electoral >>>
[INFO] 
[INFO] --- resources:3.3.1:resources (default-resources) @ conteo-electoral ---
[INFO] Copying 1 resource from src\main\resources to target\classes
[INFO] Copying 9 resources from src\main\resources to target\classes
[INFO] 
[INFO] --- compiler:3.11.0:compile (default-compile) @ conteo-electoral ---
[INFO] Nothing to compile - all classes are up to date
[INFO] 
[INFO] --- resources:3.3.1:testResources (default-testResources) @ conteo-electoral ---
[INFO] Copying 1 resource from src\test\resources to target\test-classes
[INFO] 
[INFO] --- compiler:3.11.0:testCompile (default-testCompile) @ conteo-electoral ---
[INFO] Nothing to compile - all classes are up to date
[INFO] 
[INFO] <<< spring-boot:3.2.1:run (default-cli) < test-compile @ conteo-electoral <<<
[INFO] 
[INFO] 
[INFO] --- spring-boot:3.2.1:run (default-cli) @ conteo-electoral ---
[INFO] Attaching agents: []

  .   ____          _            __ _ _
 /\\ / ___'_ __ _ _(_)_ __  __ _ \ \ \ \
( ( )\___ | '_ | '_| | '_ \/ _` | \ \ \ \
 \\/  ___)| |_)| | | | | || (_| |  ) ) ) )
  '  |____| .__|_| |_|_| |_\__, | / / / /
 =========|_|==============|___/=/_/_/_/
 :: Spring Boot ::                (v3.2.1)

2026-07-23T14:40:19.419-05:00  INFO 44112 --- [conteo-electoral] [           main] c.electoral.ConteoElectoralApplication   : Starting ConteoElectoralApplication using Java 21.0.10 with PID 44112 (C:\Users\Alexi\Documents\PROYECTOS\ConteoElectoral\backend\target\classes started by Alexi in C:\Users\Alexi\Documents\PROYECTOS\ConteoElectoral\backend)
2026-07-23T14:40:19.420-05:00 DEBUG 44112 --- [conteo-electoral] [           main] c.electoral.ConteoElectoralApplication   : Running with Spring Boot v3.2.1, Spring v6.1.2
2026-07-23T14:40:19.421-05:00  INFO 44112 --- [conteo-electoral] [           main] c.electoral.ConteoElectoralApplication   : No active profile set, falling back to 1 default profile: "default"
2026-07-23T14:40:19.995-05:00  INFO 44112 --- [conteo-electoral] [           main] .s.d.r.c.RepositoryConfigurationDelegate : Bootstrapping Spring Data JPA repositories in DEFAULT mode.
2026-07-23T14:40:20.082-05:00  INFO 44112 --- [conteo-electoral] [           main] .s.d.r.c.RepositoryConfigurationDelegate : Finished Spring Data repository scanning in 82 ms. Found 34 JPA repository interfaces.
2026-07-23T14:40:20.599-05:00  INFO 44112 --- [conteo-electoral] [           main] o.s.b.w.embedded.tomcat.TomcatWebServer  : Tomcat initialized with port 8081 (http)
2026-07-23T14:40:20.610-05:00  INFO 44112 --- [conteo-electoral] [           main] o.apache.catalina.core.StandardService   : Starting service [Tomcat]
2026-07-23T14:40:20.610-05:00  INFO 44112 --- [conteo-electoral] [           main] o.apache.catalina.core.StandardEngine    : Starting Servlet engine: [Apache Tomcat/10.1.17]
2026-07-23T14:40:20.652-05:00  INFO 44112 --- [conteo-electoral] [           main] o.a.c.c.C.[Tomcat].[localhost].[/]       : Initializing Spring embedded WebApplicationContext
2026-07-23T14:40:20.653-05:00  INFO 44112 --- [conteo-electoral] [           main] w.s.c.ServletWebServerApplicationContext : Root WebApplicationContext: initialization completed in 1209 ms
2026-07-23T14:40:20.728-05:00  INFO 44112 --- [conteo-electoral] [           main] com.zaxxer.hikari.HikariDataSource       : HikariPool-1 - Starting...
2026-07-23T14:40:20.910-05:00  INFO 44112 --- [conteo-electoral] [           main] com.zaxxer.hikari.pool.HikariPool        : HikariPool-1 - Added connection org.postgresql.jdbc.PgConnection@76a1146d
2026-07-23T14:40:20.912-05:00  INFO 44112 --- [conteo-electoral] [           main] com.zaxxer.hikari.HikariDataSource       : HikariPool-1 - Start completed.
2026-07-23T14:40:20.952-05:00  INFO 44112 --- [conteo-electoral] [           main] o.f.c.internal.license.VersionPrinter    : Flyway Community Edition 9.22.3 by Redgate
2026-07-23T14:40:20.952-05:00  INFO 44112 --- [conteo-electoral] [           main] o.f.c.internal.license.VersionPrinter    : See release notes here: https://rd.gt/416ObMi
2026-07-23T14:40:20.952-05:00  INFO 44112 --- [conteo-electoral] [           main] o.f.c.internal.license.VersionPrinter    : 
2026-07-23T14:40:20.962-05:00  INFO 44112 --- [conteo-electoral] [           main] org.flywaydb.core.FlywayExecutor         : Database: jdbc:postgresql://192.168.1.71:5432/conteo_electoral (PostgreSQL 16.14)
2026-07-23T14:40:20.984-05:00  WARN 44112 --- [conteo-electoral] [           main] o.f.c.internal.database.base.Database    : Flyway upgrade recommended: PostgreSQL 16.14 is newer than this version of Flyway and support has not been tested. The latest supported version of PostgreSQL is 15.
2026-07-23T14:40:21.014-05:00  INFO 44112 --- [conteo-electoral] [           main] o.f.core.internal.command.DbValidate     : Successfully validated 9 migrations (execution time 00:00.022s)
2026-07-23T14:40:21.062-05:00  INFO 44112 --- [conteo-electoral] [           main] o.f.core.internal.command.DbMigrate      : Current version of schema "public": 1.6.0
2026-07-23T14:40:21.067-05:00  INFO 44112 --- [conteo-electoral] [           main] o.f.core.internal.command.DbMigrate      : Schema "public" is up to date. No migration necessary.
2026-07-23T14:40:21.122-05:00  INFO 44112 --- [conteo-electoral] [           main] o.hibernate.jpa.internal.util.LogHelper  : HHH000204: Processing PersistenceUnitInfo [name: default]
2026-07-23T14:40:21.150-05:00  INFO 44112 --- [conteo-electoral] [           main] org.hibernate.Version                    : HHH000412: Hibernate ORM core version 6.4.1.Final
2026-07-23T14:40:21.166-05:00  INFO 44112 --- [conteo-electoral] [           main] o.h.c.internal.RegionFactoryInitiator    : HHH000026: Second-level cache disabled
2026-07-23T14:40:21.277-05:00  INFO 44112 --- [conteo-electoral] [           main] o.s.o.j.p.SpringPersistenceUnitInfo      : No LoadTimeWeaver setup: ignoring JPA class transformer
2026-07-23T14:40:22.713-05:00  INFO 44112 --- [conteo-electoral] [           main] o.h.e.t.j.p.i.JtaPlatformInitiator       : HHH000489: No JTA platform available (set 'hibernate.transaction.jta.platform' to enable JTA platform integration)
2026-07-23T14:40:23.338-05:00  INFO 44112 --- [conteo-electoral] [           main] j.LocalContainerEntityManagerFactoryBean : Initialized JPA EntityManagerFactory for persistence unit 'default'
2026-07-23T14:40:23.635-05:00  INFO 44112 --- [conteo-electoral] [           main] o.s.d.j.r.query.QueryEnhancerFactory     : Hibernate is in classpath; If applicable, HQL parser will be used.
2026-07-23T14:40:24.041-05:00 DEBUG 44112 --- [conteo-electoral] [           main] c.e.security.JwtAuthenticationFilter     : Filter 'jwtAuthenticationFilter' configured for use
2026-07-23T14:40:26.397-05:00  INFO 44112 --- [conteo-electoral] [           main] o.s.s.web.DefaultSecurityFilterChain     : Will secure any request with [org.springframework.security.web.session.DisableEncodeUrlFilter@479875b1, org.springframework.security.web.context.request.async.WebAsyncManagerIntegrationFilter@79e464a, org.springframework.security.web.context.SecurityContextHolderFilter@10d2411f, org.springframework.security.web.header.HeaderWriterFilter@58d33d5d, org.springframework.web.filter.CorsFilter@6a35f9fd, org.springframework.security.web.authentication.logout.LogoutFilter@20baa4eb, com.electoral.security.JwtAuthenticationFilter@14d3bee8, org.springframework.security.web.savedrequest.RequestCacheAwareFilter@2c9b96af, org.springframework.security.web.servletapi.SecurityContextHolderAwareRequestFilter@340c211e, org.springframework.security.web.authentication.AnonymousAuthenticationFilter@578fb678, org.springframework.security.web.session.SessionManagementFilter@5324647, org.springframework.security.web.access.ExceptionTranslationFilter@51f1e931, org.springframework.security.web.access.intercept.AuthorizationFilter@114f913d]
2026-07-23T14:40:26.714-05:00  INFO 44112 --- [conteo-electoral] [           main] o.s.b.w.embedded.tomcat.TomcatWebServer  : Tomcat started on port 8081 (http) with context path ''
2026-07-23T14:40:26.717-05:00  INFO 44112 --- [conteo-electoral] [           main] o.s.m.s.b.SimpleBrokerMessageHandler     : Starting...
2026-07-23T14:40:26.719-05:00  INFO 44112 --- [conteo-electoral] [           main] o.s.m.s.b.SimpleBrokerMessageHandler     : BrokerAvailabilityEvent[available=true, SimpleBrokerMessageHandler [org.springframework.messaging.simp.broker.DefaultSubscriptionRegistry@7c1ac3b]]
2026-07-23T14:40:26.719-05:00  INFO 44112 --- [conteo-electoral] [           main] o.s.m.s.b.SimpleBrokerMessageHandler     : Started.
2026-07-23T14:40:26.726-05:00  INFO 44112 --- [conteo-electoral] [           main] c.electoral.ConteoElectoralApplication   : Started ConteoElectoralApplication in 7.597 seconds (process running for 7.837)
2026-07-23T14:40:26.729-05:00  INFO 44112 --- [conteo-electoral] [           main] com.electoral.DataInitializer            : === INICIANDO DATAINITIALIZER ===
2026-07-23T14:40:26.955-05:00  INFO 44112 --- [conteo-electoral] [           main] com.electoral.DataInitializer            : Password de admin reseteado a: admin123
2026-07-23T14:40:26.964-05:00  INFO 44112 --- [conteo-electoral] [           main] com.electoral.DataInitializer            : === DATAINITIALIZER COMPLETADO ===
2026-07-23T14:40:31.481-05:00  INFO 44112 --- [conteo-electoral] [nio-8081-exec-1] o.a.c.c.C.[Tomcat].[localhost].[/]       : Initializing Spring DispatcherServlet 'dispatcherServlet'
2026-07-23T14:40:31.481-05:00  INFO 44112 --- [conteo-electoral] [nio-8081-exec-1] o.s.web.servlet.DispatcherServlet        : Initializing Servlet 'dispatcherServlet'
2026-07-23T14:40:31.484-05:00  INFO 44112 --- [conteo-electoral] [nio-8081-exec-1] o.s.web.servlet.DispatcherServlet        : Completed initialization in 3 ms
2026-07-23T14:40:31.500-05:00 DEBUG 44112 --- [conteo-electoral] [nio-8081-exec-1] o.s.security.web.FilterChainProxy        : Securing GET /ws/info?t=1784835631427
2026-07-23T14:40:31.516-05:00 DEBUG 44112 --- [conteo-electoral] [nio-8081-exec-1] o.s.s.w.a.AnonymousAuthenticationFilter  : Set SecurityContextHolder to anonymous SecurityContext
2026-07-23T14:40:31.519-05:00 DEBUG 44112 --- [conteo-electoral] [nio-8081-exec-1] o.s.security.web.FilterChainProxy        : Secured GET /ws/info?t=1784835631427
2026-07-23T14:40:31.536-05:00 DEBUG 44112 --- [conteo-electoral] [nio-8081-exec-2] o.s.security.web.FilterChainProxy        : Securing GET /ws/537/0qvvy0cc/websocket
2026-07-23T14:40:31.538-05:00 DEBUG 44112 --- [conteo-electoral] [nio-8081-exec-2] o.s.s.w.a.AnonymousAuthenticationFilter  : Set SecurityContextHolder to anonymous SecurityContext
2026-07-23T14:40:31.540-05:00 DEBUG 44112 --- [conteo-electoral] [nio-8081-exec-2] o.s.security.web.FilterChainProxy        : Secured GET /ws/537/0qvvy0cc/websocket
2026-07-23T14:40:31.906-05:00 DEBUG 44112 --- [conteo-electoral] [nio-8081-exec-3] o.s.security.web.FilterChainProxy        : Securing GET /ws/info?t=1784835631903
2026-07-23T14:40:31.913-05:00 DEBUG 44112 --- [conteo-electoral] [nio-8081-exec-3] o.s.s.w.a.AnonymousAuthenticationFilter  : Set SecurityContextHolder to anonymous SecurityContext
2026-07-23T14:40:31.929-05:00 DEBUG 44112 --- [conteo-electoral] [nio-8081-exec-3] o.s.security.web.FilterChainProxy        : Secured GET /ws/info?t=1784835631903
2026-07-23T14:40:31.964-05:00 DEBUG 44112 --- [conteo-electoral] [nio-8081-exec-9] o.s.security.web.FilterChainProxy        : Securing GET /ws/250/o2yrls53/websocket
2026-07-23T14:40:31.964-05:00 DEBUG 44112 --- [conteo-electoral] [nio-8081-exec-9] o.s.s.w.a.AnonymousAuthenticationFilter  : Set SecurityContextHolder to anonymous SecurityContext
2026-07-23T14:40:31.964-05:00 DEBUG 44112 --- [conteo-electoral] [nio-8081-exec-9] o.s.security.web.FilterChainProxy        : Secured GET /ws/250/o2yrls53/websocket
2026-07-23T14:41:26.704-05:00  INFO 44112 --- [conteo-electoral] [essageBroker-13] o.s.w.s.c.WebSocketMessageBrokerStats    : WebSocketSession[2 current WS(2)-HttpStream(0)-HttpPoll(0), 2 total, 0 closed abnormally (0 connect failure, 0 send limit, 0 transport error)], stompSubProtocol[processed CONNECT(2)-CONNECTED(2)-DISCONNECT(0)], stompBrokerRelay[null], inboundChannel[pool size = 6, active threads = 0, queued tasks = 0, completed tasks = 6], outboundChannel[pool size = 2, active threads = 0, queued tasks = 0, completed tasks = 2], sockJsScheduler[pool size = 22, active threads = 1, queued tasks = 3, completed tasks = 16]
2026-07-23T14:41:51.151-05:00 DEBUG 44112 --- [conteo-electoral] [nio-8081-exec-4] o.s.security.web.FilterChainProxy        : Securing GET /api/auth/me
2026-07-23T14:41:51.258-05:00 DEBUG 44112 --- [conteo-electoral] [nio-8081-exec-4] o.s.security.web.FilterChainProxy        : Secured GET /api/auth/me
2026-07-23T14:41:51.350-05:00 DEBUG 44112 --- [conteo-electoral] [io-8081-exec-10] o.s.security.web.FilterChainProxy        : Securing GET /api/elecciones/activas
2026-07-23T14:41:51.361-05:00 DEBUG 44112 --- [conteo-electoral] [nio-8081-exec-1] o.s.security.web.FilterChainProxy        : Securing GET /ws/info?t=1784835711357
2026-07-23T14:41:51.361-05:00 DEBUG 44112 --- [conteo-electoral] [io-8081-exec-10] o.s.security.web.FilterChainProxy        : Secured GET /api/elecciones/activas
2026-07-23T14:41:51.363-05:00 DEBUG 44112 --- [conteo-electoral] [nio-8081-exec-1] o.s.s.w.a.AnonymousAuthenticationFilter  : Set SecurityContextHolder to anonymous SecurityContext
2026-07-23T14:41:51.365-05:00 DEBUG 44112 --- [conteo-electoral] [nio-8081-exec-1] o.s.security.web.FilterChainProxy        : Secured GET /ws/info?t=1784835711357
2026-07-23T14:41:51.378-05:00 DEBUG 44112 --- [conteo-electoral] [nio-8081-exec-2] o.s.security.web.FilterChainProxy        : Securing GET /ws/845/tpp4qoea/websocket
2026-07-23T14:41:51.380-05:00 DEBUG 44112 --- [conteo-electoral] [nio-8081-exec-2] o.s.s.w.a.AnonymousAuthenticationFilter  : Set SecurityContextHolder to anonymous SecurityContext
2026-07-23T14:41:51.381-05:00 DEBUG 44112 --- [conteo-electoral] [nio-8081-exec-2] o.s.security.web.FilterChainProxy        : Secured GET /ws/845/tpp4qoea/websocket
2026-07-23T14:41:51.410-05:00 DEBUG 44112 --- [conteo-electoral] [nio-8081-exec-9] o.s.security.web.FilterChainProxy        : Securing GET /api/candidatos/eleccion/1
2026-07-23T14:41:51.412-05:00 DEBUG 44112 --- [conteo-electoral] [nio-8081-exec-5] o.s.security.web.FilterChainProxy        : Securing GET /api/partidos/eleccion/1
2026-07-23T14:41:51.412-05:00 DEBUG 44112 --- [conteo-electoral] [nio-8081-exec-8] o.s.security.web.FilterChainProxy        : Securing GET /api/listas-electorales/eleccion/1
2026-07-23T14:41:51.412-05:00 DEBUG 44112 --- [conteo-electoral] [nio-8081-exec-7] o.s.security.web.FilterChainProxy        : Securing GET /api/cargos/eleccion/1
2026-07-23T14:41:51.415-05:00 DEBUG 44112 --- [conteo-electoral] [nio-8081-exec-4] o.s.security.web.FilterChainProxy        : Securing GET /api/mesas/usuario/actual/eleccion/1
2026-07-23T14:41:51.419-05:00 DEBUG 44112 --- [conteo-electoral] [nio-8081-exec-9] o.s.security.web.FilterChainProxy        : Secured GET /api/candidatos/eleccion/1
2026-07-23T14:41:51.423-05:00 DEBUG 44112 --- [conteo-electoral] [nio-8081-exec-4] o.s.security.web.FilterChainProxy        : Secured GET /api/mesas/usuario/actual/eleccion/1
2026-07-23T14:41:51.424-05:00 DEBUG 44112 --- [conteo-electoral] [nio-8081-exec-5] o.s.security.web.FilterChainProxy        : Secured GET /api/partidos/eleccion/1
2026-07-23T14:41:51.424-05:00 DEBUG 44112 --- [conteo-electoral] [nio-8081-exec-7] o.s.security.web.FilterChainProxy        : Secured GET /api/cargos/eleccion/1
2026-07-23T14:41:51.424-05:00 DEBUG 44112 --- [conteo-electoral] [nio-8081-exec-8] o.s.security.web.FilterChainProxy        : Secured GET /api/listas-electorales/eleccion/1
2026-07-23T14:41:51.474-05:00 DEBUG 44112 --- [conteo-electoral] [nio-8081-exec-1] o.s.security.web.FilterChainProxy        : Securing GET /api/votos/mesa/9
2026-07-23T14:41:51.484-05:00 DEBUG 44112 --- [conteo-electoral] [nio-8081-exec-1] o.s.security.web.FilterChainProxy        : Secured GET /api/votos/mesa/9
2026-07-23T14:41:52.426-05:00 DEBUG 44112 --- [conteo-electoral] [nio-8081-exec-3] o.s.security.web.FilterChainProxy        : Securing GET /api/auth/me
2026-07-23T14:41:52.438-05:00 DEBUG 44112 --- [conteo-electoral] [nio-8081-exec-3] o.s.security.web.FilterChainProxy        : Secured GET /api/auth/me
2026-07-23T14:41:52.480-05:00 DEBUG 44112 --- [conteo-electoral] [io-8081-exec-10] o.s.security.web.FilterChainProxy        : Securing GET /api/elecciones/activas
2026-07-23T14:41:52.491-05:00 DEBUG 44112 --- [conteo-electoral] [nio-8081-exec-6] o.s.security.web.FilterChainProxy        : Securing GET /ws/info?t=1784835712487
2026-07-23T14:41:52.492-05:00 DEBUG 44112 --- [conteo-electoral] [io-8081-exec-10] o.s.security.web.FilterChainProxy        : Secured GET /api/elecciones/activas
2026-07-23T14:41:52.492-05:00 DEBUG 44112 --- [conteo-electoral] [nio-8081-exec-6] o.s.s.w.a.AnonymousAuthenticationFilter  : Set SecurityContextHolder to anonymous SecurityContext
2026-07-23T14:41:52.493-05:00 DEBUG 44112 --- [conteo-electoral] [nio-8081-exec-6] o.s.security.web.FilterChainProxy        : Secured GET /ws/info?t=1784835712487
2026-07-23T14:41:52.498-05:00 DEBUG 44112 --- [conteo-electoral] [nio-8081-exec-5] o.s.security.web.FilterChainProxy        : Securing GET /ws/234/mtkkcdpo/websocket
2026-07-23T14:41:52.500-05:00 DEBUG 44112 --- [conteo-electoral] [nio-8081-exec-5] o.s.s.w.a.AnonymousAuthenticationFilter  : Set SecurityContextHolder to anonymous SecurityContext
2026-07-23T14:41:52.501-05:00 DEBUG 44112 --- [conteo-electoral] [nio-8081-exec-5] o.s.security.web.FilterChainProxy        : Secured GET /ws/234/mtkkcdpo/websocket
2026-07-23T14:41:52.514-05:00 DEBUG 44112 --- [conteo-electoral] [nio-8081-exec-8] o.s.security.web.FilterChainProxy        : Securing GET /api/candidatos/eleccion/1
2026-07-23T14:41:52.514-05:00 DEBUG 44112 --- [conteo-electoral] [nio-8081-exec-9] o.s.security.web.FilterChainProxy        : Securing GET /api/partidos/eleccion/1
2026-07-23T14:41:52.515-05:00 DEBUG 44112 --- [conteo-electoral] [nio-8081-exec-4] o.s.security.web.FilterChainProxy        : Securing GET /api/cargos/eleccion/1
2026-07-23T14:41:52.516-05:00 DEBUG 44112 --- [conteo-electoral] [nio-8081-exec-1] o.s.security.web.FilterChainProxy        : Securing GET /api/listas-electorales/eleccion/1
2026-07-23T14:41:52.520-05:00 DEBUG 44112 --- [conteo-electoral] [nio-8081-exec-2] o.s.security.web.FilterChainProxy        : Securing GET /api/mesas/usuario/actual/eleccion/1
2026-07-23T14:41:52.524-05:00 DEBUG 44112 --- [conteo-electoral] [nio-8081-exec-1] o.s.security.web.FilterChainProxy        : Secured GET /api/listas-electorales/eleccion/1
2026-07-23T14:41:52.526-05:00 DEBUG 44112 --- [conteo-electoral] [nio-8081-exec-8] o.s.security.web.FilterChainProxy        : Secured GET /api/candidatos/eleccion/1
2026-07-23T14:41:52.526-05:00 DEBUG 44112 --- [conteo-electoral] [nio-8081-exec-4] o.s.security.web.FilterChainProxy        : Secured GET /api/cargos/eleccion/1
2026-07-23T14:41:52.526-05:00 DEBUG 44112 --- [conteo-electoral] [nio-8081-exec-9] o.s.security.web.FilterChainProxy        : Secured GET /api/partidos/eleccion/1
2026-07-23T14:41:52.531-05:00 DEBUG 44112 --- [conteo-electoral] [nio-8081-exec-2] o.s.security.web.FilterChainProxy        : Secured GET /api/mesas/usuario/actual/eleccion/1
2026-07-23T14:41:52.571-05:00 DEBUG 44112 --- [conteo-electoral] [nio-8081-exec-6] o.s.security.web.FilterChainProxy        : Securing GET /api/votos/mesa/9
2026-07-23T14:41:52.581-05:00 DEBUG 44112 --- [conteo-electoral] [nio-8081-exec-6] o.s.security.web.FilterChainProxy        : Secured GET /api/votos/mesa/9
2026-07-23T14:41:55.333-05:00 DEBUG 44112 --- [conteo-electoral] [nio-8081-exec-5] o.s.security.web.FilterChainProxy        : Securing GET /api/votos/mesa/8
2026-07-23T14:41:55.348-05:00 DEBUG 44112 --- [conteo-electoral] [nio-8081-exec-5] o.s.security.web.FilterChainProxy        : Secured GET /api/votos/mesa/8
2026-07-23T14:42:02.665-05:00 DEBUG 44112 --- [conteo-electoral] [nio-8081-exec-7] o.s.security.web.FilterChainProxy        : Securing GET /api/listas-electorales/1
2026-07-23T14:42:02.678-05:00 DEBUG 44112 --- [conteo-electoral] [nio-8081-exec-7] o.s.security.web.FilterChainProxy        : Secured GET /api/listas-electorales/1
2026-07-23T14:45:22.466-05:00 DEBUG 44112 --- [conteo-electoral] [nio-8081-exec-6] o.s.security.web.FilterChainProxy        : Securing GET /api/auth/me
2026-07-23T14:45:22.476-05:00 DEBUG 44112 --- [conteo-electoral] [nio-8081-exec-6] o.s.security.web.FilterChainProxy        : Secured GET /api/auth/me
2026-07-23T14:45:22.505-05:00 DEBUG 44112 --- [conteo-electoral] [nio-8081-exec-5] o.s.security.web.FilterChainProxy        : Securing GET /api/elecciones/activas
2026-07-23T14:45:22.511-05:00 DEBUG 44112 --- [conteo-electoral] [nio-8081-exec-7] o.s.security.web.FilterChainProxy        : Securing GET /ws/info?t=1784835922510
2026-07-23T14:45:22.513-05:00 DEBUG 44112 --- [conteo-electoral] [nio-8081-exec-7] o.s.s.w.a.AnonymousAuthenticationFilter  : Set SecurityContextHolder to anonymous SecurityContext
2026-07-23T14:45:22.513-05:00 DEBUG 44112 --- [conteo-electoral] [nio-8081-exec-7] o.s.security.web.FilterChainProxy        : Secured GET /ws/info?t=1784835922510
2026-07-23T14:45:22.515-05:00 DEBUG 44112 --- [conteo-electoral] [nio-8081-exec-5] o.s.security.web.FilterChainProxy        : Secured GET /api/elecciones/activas
2026-07-23T14:45:22.518-05:00 DEBUG 44112 --- [conteo-electoral] [nio-8081-exec-4] o.s.security.web.FilterChainProxy        : Securing GET /ws/234/kppbok4q/websocket
2026-07-23T14:45:22.519-05:00 DEBUG 44112 --- [conteo-electoral] [nio-8081-exec-4] o.s.s.w.a.AnonymousAuthenticationFilter  : Set SecurityContextHolder to anonymous SecurityContext
2026-07-23T14:45:22.520-05:00 DEBUG 44112 --- [conteo-electoral] [nio-8081-exec-4] o.s.security.web.FilterChainProxy        : Secured GET /ws/234/kppbok4q/websocket
2026-07-23T14:45:22.534-05:00 DEBUG 44112 --- [conteo-electoral] [nio-8081-exec-3] o.s.security.web.FilterChainProxy        : Securing GET /api/reportes/1/resumen
2026-07-23T14:45:22.534-05:00 DEBUG 44112 --- [conteo-electoral] [nio-8081-exec-8] o.s.security.web.FilterChainProxy        : Securing GET /api/reportes/1/candidatos
2026-07-23T14:45:22.535-05:00 DEBUG 44112 --- [conteo-electoral] [nio-8081-exec-2] o.s.security.web.FilterChainProxy        : Securing GET /api/reportes/1/listas
2026-07-23T14:45:22.535-05:00 DEBUG 44112 --- [conteo-electoral] [nio-8081-exec-1] o.s.security.web.FilterChainProxy        : Securing GET /api/reportes/1/partidos
2026-07-23T14:45:22.540-05:00 DEBUG 44112 --- [conteo-electoral] [nio-8081-exec-1] o.s.security.web.FilterChainProxy        : Secured GET /api/reportes/1/partidos
2026-07-23T14:45:22.540-05:00 DEBUG 44112 --- [conteo-electoral] [nio-8081-exec-3] o.s.security.web.FilterChainProxy        : Secured GET /api/reportes/1/resumen
2026-07-23T14:45:22.542-05:00 DEBUG 44112 --- [conteo-electoral] [nio-8081-exec-8] o.s.security.web.FilterChainProxy        : Secured GET /api/reportes/1/candidatos
2026-07-23T14:45:22.542-05:00 DEBUG 44112 --- [conteo-electoral] [nio-8081-exec-2] o.s.security.web.FilterChainProxy        : Secured GET /api/reportes/1/listas
2026-07-23T14:45:22.973-05:00 DEBUG 44112 --- [conteo-electoral] [nio-8081-exec-7] o.s.security.web.FilterChainProxy        : Securing GET /api/auth/me
2026-07-23T14:45:22.984-05:00 DEBUG 44112 --- [conteo-electoral] [nio-8081-exec-7] o.s.security.web.FilterChainProxy        : Secured GET /api/auth/me
2026-07-23T14:45:23.024-05:00 DEBUG 44112 --- [conteo-electoral] [nio-8081-exec-4] o.s.security.web.FilterChainProxy        : Securing GET /api/elecciones
2026-07-23T14:45:23.033-05:00 DEBUG 44112 --- [conteo-electoral] [nio-8081-exec-4] o.s.security.web.FilterChainProxy        : Secured GET /api/elecciones
2026-07-23T14:45:23.063-05:00 DEBUG 44112 --- [conteo-electoral] [io-8081-exec-10] o.s.security.web.FilterChainProxy        : Securing GET /api/candidatos/eleccion/1
2026-07-23T14:45:23.063-05:00 DEBUG 44112 --- [conteo-electoral] [nio-8081-exec-5] o.s.security.web.FilterChainProxy        : Securing GET /api/partidos/eleccion/1
2026-07-23T14:45:23.063-05:00 DEBUG 44112 --- [conteo-electoral] [nio-8081-exec-9] o.s.security.web.FilterChainProxy        : Securing GET /api/cargos/eleccion/1
2026-07-23T14:45:23.071-05:00 DEBUG 44112 --- [conteo-electoral] [nio-8081-exec-5] o.s.security.web.FilterChainProxy        : Secured GET /api/partidos/eleccion/1
2026-07-23T14:45:23.071-05:00 DEBUG 44112 --- [conteo-electoral] [io-8081-exec-10] o.s.security.web.FilterChainProxy        : Secured GET /api/candidatos/eleccion/1
2026-07-23T14:45:23.075-05:00 DEBUG 44112 --- [conteo-electoral] [nio-8081-exec-9] o.s.security.web.FilterChainProxy        : Secured GET /api/cargos/eleccion/1
2026-07-23T14:45:23.133-05:00 DEBUG 44112 --- [conteo-electoral] [nio-8081-exec-2] o.s.security.web.FilterChainProxy        : Securing GET /api/auth/me
2026-07-23T14:45:23.144-05:00 DEBUG 44112 --- [conteo-electoral] [nio-8081-exec-2] o.s.security.web.FilterChainProxy        : Secured GET /api/auth/me
2026-07-23T14:45:23.210-05:00 DEBUG 44112 --- [conteo-electoral] [nio-8081-exec-8] o.s.security.web.FilterChainProxy        : Securing GET /api/elecciones/activas
2026-07-23T14:45:23.221-05:00 DEBUG 44112 --- [conteo-electoral] [nio-8081-exec-8] o.s.security.web.FilterChainProxy        : Secured GET /api/elecciones/activas
2026-07-23T14:45:23.225-05:00 DEBUG 44112 --- [conteo-electoral] [nio-8081-exec-1] o.s.security.web.FilterChainProxy        : Securing GET /ws/info?t=1784835923220
2026-07-23T14:45:23.226-05:00 DEBUG 44112 --- [conteo-electoral] [nio-8081-exec-1] o.s.s.w.a.AnonymousAuthenticationFilter  : Set SecurityContextHolder to anonymous SecurityContext
2026-07-23T14:45:23.226-05:00 DEBUG 44112 --- [conteo-electoral] [nio-8081-exec-1] o.s.security.web.FilterChainProxy        : Secured GET /ws/info?t=1784835923220
2026-07-23T14:45:23.233-05:00 DEBUG 44112 --- [conteo-electoral] [nio-8081-exec-3] o.s.security.web.FilterChainProxy        : Securing GET /ws/126/vqh5zf3c/websocket
2026-07-23T14:45:23.234-05:00 DEBUG 44112 --- [conteo-electoral] [nio-8081-exec-3] o.s.s.w.a.AnonymousAuthenticationFilter  : Set SecurityContextHolder to anonymous SecurityContext
2026-07-23T14:45:23.234-05:00 DEBUG 44112 --- [conteo-electoral] [nio-8081-exec-3] o.s.security.web.FilterChainProxy        : Secured GET /ws/126/vqh5zf3c/websocket
2026-07-23T14:45:23.244-05:00 DEBUG 44112 --- [conteo-electoral] [nio-8081-exec-7] o.s.security.web.FilterChainProxy        : Securing GET /api/candidatos/eleccion/1
2026-07-23T14:45:23.245-05:00 DEBUG 44112 --- [conteo-electoral] [nio-8081-exec-4] o.s.security.web.FilterChainProxy        : Securing GET /api/partidos/eleccion/1
2026-07-23T14:45:23.247-05:00 DEBUG 44112 --- [conteo-electoral] [nio-8081-exec-5] o.s.security.web.FilterChainProxy        : Securing GET /api/cargos/eleccion/1
2026-07-23T14:45:23.248-05:00 DEBUG 44112 --- [conteo-electoral] [io-8081-exec-10] o.s.security.web.FilterChainProxy        : Securing GET /api/listas-electorales/eleccion/1
2026-07-23T14:45:23.250-05:00 DEBUG 44112 --- [conteo-electoral] [nio-8081-exec-9] o.s.security.web.FilterChainProxy        : Securing GET /api/mesas/usuario/actual/eleccion/1
2026-07-23T14:45:23.251-05:00 DEBUG 44112 --- [conteo-electoral] [nio-8081-exec-7] o.s.security.web.FilterChainProxy        : Secured GET /api/candidatos/eleccion/1
2026-07-23T14:45:23.252-05:00 DEBUG 44112 --- [conteo-electoral] [nio-8081-exec-4] o.s.security.web.FilterChainProxy        : Secured GET /api/partidos/eleccion/1
2026-07-23T14:45:23.255-05:00 DEBUG 44112 --- [conteo-electoral] [nio-8081-exec-5] o.s.security.web.FilterChainProxy        : Secured GET /api/cargos/eleccion/1
2026-07-23T14:45:23.255-05:00 DEBUG 44112 --- [conteo-electoral] [io-8081-exec-10] o.s.security.web.FilterChainProxy        : Secured GET /api/listas-electorales/eleccion/1
2026-07-23T14:45:23.256-05:00 DEBUG 44112 --- [conteo-electoral] [nio-8081-exec-9] o.s.security.web.FilterChainProxy        : Secured GET /api/mesas/usuario/actual/eleccion/1
2026-07-23T14:45:23.296-05:00 DEBUG 44112 --- [conteo-electoral] [nio-8081-exec-1] o.s.security.web.FilterChainProxy        : Securing GET /api/votos/mesa/9
2026-07-23T14:45:23.303-05:00 DEBUG 44112 --- [conteo-electoral] [nio-8081-exec-1] o.s.security.web.FilterChainProxy        : Secured GET /api/votos/mesa/9
2026-07-23T14:45:30.793-05:00 DEBUG 44112 --- [conteo-electoral] [nio-8081-exec-6] o.s.security.web.FilterChainProxy        : Securing GET /api/auth/me
2026-07-23T14:45:30.804-05:00 DEBUG 44112 --- [conteo-electoral] [nio-8081-exec-6] o.s.security.web.FilterChainProxy        : Secured GET /api/auth/me
2026-07-23T14:45:30.836-05:00 DEBUG 44112 --- [conteo-electoral] [nio-8081-exec-8] o.s.security.web.FilterChainProxy        : Securing GET /api/elecciones/activas
2026-07-23T14:45:30.843-05:00 DEBUG 44112 --- [conteo-electoral] [nio-8081-exec-2] o.s.security.web.FilterChainProxy        : Securing GET /ws/info?t=1784835930839
2026-07-23T14:45:30.843-05:00 DEBUG 44112 --- [conteo-electoral] [nio-8081-exec-2] o.s.s.w.a.AnonymousAuthenticationFilter  : Set SecurityContextHolder to anonymous SecurityContext
2026-07-23T14:45:30.844-05:00 DEBUG 44112 --- [conteo-electoral] [nio-8081-exec-2] o.s.security.web.FilterChainProxy        : Secured GET /ws/info?t=1784835930839
2026-07-23T14:45:30.846-05:00 DEBUG 44112 --- [conteo-electoral] [nio-8081-exec-8] o.s.security.web.FilterChainProxy        : Secured GET /api/elecciones/activas
2026-07-23T14:45:30.849-05:00 DEBUG 44112 --- [conteo-electoral] [nio-8081-exec-4] o.s.security.web.FilterChainProxy        : Securing GET /ws/381/45nmy1v4/websocket
2026-07-23T14:45:30.850-05:00 DEBUG 44112 --- [conteo-electoral] [nio-8081-exec-4] o.s.s.w.a.AnonymousAuthenticationFilter  : Set SecurityContextHolder to anonymous SecurityContext
2026-07-23T14:45:30.851-05:00 DEBUG 44112 --- [conteo-electoral] [nio-8081-exec-4] o.s.security.web.FilterChainProxy        : Secured GET /ws/381/45nmy1v4/websocket
2026-07-23T14:45:30.870-05:00 DEBUG 44112 --- [conteo-electoral] [io-8081-exec-10] o.s.security.web.FilterChainProxy        : Securing GET /api/reportes/1/resumen
2026-07-23T14:45:30.870-05:00 DEBUG 44112 --- [conteo-electoral] [nio-8081-exec-9] o.s.security.web.FilterChainProxy        : Securing GET /api/reportes/1/candidatos
2026-07-23T14:45:30.870-05:00 DEBUG 44112 --- [conteo-electoral] [nio-8081-exec-1] o.s.security.web.FilterChainProxy        : Securing GET /api/reportes/1/partidos
2026-07-23T14:45:30.870-05:00 DEBUG 44112 --- [conteo-electoral] [nio-8081-exec-3] o.s.security.web.FilterChainProxy        : Securing GET /api/reportes/1/listas
2026-07-23T14:45:30.879-05:00 DEBUG 44112 --- [conteo-electoral] [nio-8081-exec-3] o.s.security.web.FilterChainProxy        : Secured GET /api/reportes/1/listas
2026-07-23T14:45:30.879-05:00 DEBUG 44112 --- [conteo-electoral] [io-8081-exec-10] o.s.security.web.FilterChainProxy        : Secured GET /api/reportes/1/resumen
2026-07-23T14:45:30.881-05:00 DEBUG 44112 --- [conteo-electoral] [nio-8081-exec-9] o.s.security.web.FilterChainProxy        : Secured GET /api/reportes/1/candidatos
2026-07-23T14:45:30.882-05:00 DEBUG 44112 --- [conteo-electoral] [nio-8081-exec-1] o.s.security.web.FilterChainProxy        : Secured GET /api/reportes/1/partidos
2026-07-23T14:45:31.002-05:00 DEBUG 44112 --- [conteo-electoral] [nio-8081-exec-2] o.s.security.web.FilterChainProxy        : Securing GET /api/auth/me
2026-07-23T14:45:31.011-05:00 DEBUG 44112 --- [conteo-electoral] [nio-8081-exec-2] o.s.security.web.FilterChainProxy        : Secured GET /api/auth/me
2026-07-23T14:45:31.042-05:00 DEBUG 44112 --- [conteo-electoral] [nio-8081-exec-4] o.s.security.web.FilterChainProxy        : Securing GET /api/elecciones
2026-07-23T14:45:31.051-05:00 DEBUG 44112 --- [conteo-electoral] [nio-8081-exec-4] o.s.security.web.FilterChainProxy        : Secured GET /api/elecciones
2026-07-23T14:45:31.074-05:00 DEBUG 44112 --- [conteo-electoral] [nio-8081-exec-7] o.s.security.web.FilterChainProxy        : Securing GET /api/candidatos/eleccion/1
2026-07-23T14:45:31.074-05:00 DEBUG 44112 --- [conteo-electoral] [nio-8081-exec-5] o.s.security.web.FilterChainProxy        : Securing GET /api/cargos/eleccion/1
2026-07-23T14:45:31.074-05:00 DEBUG 44112 --- [conteo-electoral] [nio-8081-exec-8] o.s.security.web.FilterChainProxy        : Securing GET /api/partidos/eleccion/1
2026-07-23T14:45:31.082-05:00 DEBUG 44112 --- [conteo-electoral] [nio-8081-exec-5] o.s.security.web.FilterChainProxy        : Secured GET /api/cargos/eleccion/1
2026-07-23T14:45:31.083-05:00 DEBUG 44112 --- [conteo-electoral] [nio-8081-exec-7] o.s.security.web.FilterChainProxy        : Secured GET /api/candidatos/eleccion/1
2026-07-23T14:45:31.082-05:00 DEBUG 44112 --- [conteo-electoral] [nio-8081-exec-8] o.s.security.web.FilterChainProxy        : Secured GET /api/partidos/eleccion/1
2026-07-23T14:45:31.138-05:00 DEBUG 44112 --- [conteo-electoral] [nio-8081-exec-3] o.s.security.web.FilterChainProxy        : Securing GET /api/auth/me
2026-07-23T14:45:31.147-05:00 DEBUG 44112 --- [conteo-electoral] [nio-8081-exec-3] o.s.security.web.FilterChainProxy        : Secured GET /api/auth/me
2026-07-23T14:45:31.219-05:00 DEBUG 44112 --- [conteo-electoral] [nio-8081-exec-9] o.s.security.web.FilterChainProxy        : Securing GET /api/elecciones/activas
2026-07-23T14:45:31.228-05:00 DEBUG 44112 --- [conteo-electoral] [nio-8081-exec-9] o.s.security.web.FilterChainProxy        : Secured GET /api/elecciones/activas
2026-07-23T14:45:31.232-05:00 DEBUG 44112 --- [conteo-electoral] [nio-8081-exec-1] o.s.security.web.FilterChainProxy        : Securing GET /ws/info?t=1784835931229
2026-07-23T14:45:31.233-05:00 DEBUG 44112 --- [conteo-electoral] [nio-8081-exec-1] o.s.s.w.a.AnonymousAuthenticationFilter  : Set SecurityContextHolder to anonymous SecurityContext
2026-07-23T14:45:31.234-05:00 DEBUG 44112 --- [conteo-electoral] [nio-8081-exec-1] o.s.security.web.FilterChainProxy        : Secured GET /ws/info?t=1784835931229
2026-07-23T14:45:31.241-05:00 DEBUG 44112 --- [conteo-electoral] [io-8081-exec-10] o.s.security.web.FilterChainProxy        : Securing GET /ws/138/arul01jj/websocket
2026-07-23T14:45:31.241-05:00 DEBUG 44112 --- [conteo-electoral] [io-8081-exec-10] o.s.s.w.a.AnonymousAuthenticationFilter  : Set SecurityContextHolder to anonymous SecurityContext
2026-07-23T14:45:31.242-05:00 DEBUG 44112 --- [conteo-electoral] [io-8081-exec-10] o.s.security.web.FilterChainProxy        : Secured GET /ws/138/arul01jj/websocket
2026-07-23T14:45:31.249-05:00 DEBUG 44112 --- [conteo-electoral] [nio-8081-exec-2] o.s.security.web.FilterChainProxy        : Securing GET /api/candidatos/eleccion/1
2026-07-23T14:45:31.250-05:00 DEBUG 44112 --- [conteo-electoral] [nio-8081-exec-4] o.s.security.web.FilterChainProxy        : Securing GET /api/partidos/eleccion/1
2026-07-23T14:45:31.251-05:00 DEBUG 44112 --- [conteo-electoral] [nio-8081-exec-8] o.s.security.web.FilterChainProxy        : Securing GET /api/cargos/eleccion/1
2026-07-23T14:45:31.253-05:00 DEBUG 44112 --- [conteo-electoral] [nio-8081-exec-5] o.s.security.web.FilterChainProxy        : Securing GET /api/listas-electorales/eleccion/1
2026-07-23T14:45:31.255-05:00 DEBUG 44112 --- [conteo-electoral] [nio-8081-exec-7] o.s.security.web.FilterChainProxy        : Securing GET /api/mesas/usuario/actual/eleccion/1
2026-07-23T14:45:31.255-05:00 DEBUG 44112 --- [conteo-electoral] [nio-8081-exec-4] o.s.security.web.FilterChainProxy        : Secured GET /api/partidos/eleccion/1
2026-07-23T14:45:31.255-05:00 DEBUG 44112 --- [conteo-electoral] [nio-8081-exec-2] o.s.security.web.FilterChainProxy        : Secured GET /api/candidatos/eleccion/1
2026-07-23T14:45:31.258-05:00 DEBUG 44112 --- [conteo-electoral] [nio-8081-exec-8] o.s.security.web.FilterChainProxy        : Secured GET /api/cargos/eleccion/1
2026-07-23T14:45:31.261-05:00 DEBUG 44112 --- [conteo-electoral] [nio-8081-exec-5] o.s.security.web.FilterChainProxy        : Secured GET /api/listas-electorales/eleccion/1
2026-07-23T14:45:31.262-05:00 DEBUG 44112 --- [conteo-electoral] [nio-8081-exec-7] o.s.security.web.FilterChainProxy        : Secured GET /api/mesas/usuario/actual/eleccion/1
2026-07-23T14:45:31.314-05:00 DEBUG 44112 --- [conteo-electoral] [nio-8081-exec-3] o.s.security.web.FilterChainProxy        : Securing GET /api/votos/mesa/9
2026-07-23T14:45:31.323-05:00 DEBUG 44112 --- [conteo-electoral] [nio-8081-exec-3] o.s.security.web.FilterChainProxy        : Secured GET /api/votos/mesa/9
2026-07-23T14:45:38.424-05:00 DEBUG 44112 --- [conteo-electoral] [nio-8081-exec-9] o.s.security.web.FilterChainProxy        : Securing GET /api/auth/me
2026-07-23T14:45:38.433-05:00 DEBUG 44112 --- [conteo-electoral] [nio-8081-exec-9] o.s.security.web.FilterChainProxy        : Secured GET /api/auth/me
2026-07-23T14:45:38.462-05:00 DEBUG 44112 --- [conteo-electoral] [nio-8081-exec-6] o.s.security.web.FilterChainProxy        : Securing GET /api/elecciones/activas
2026-07-23T14:45:38.470-05:00 DEBUG 44112 --- [conteo-electoral] [nio-8081-exec-4] o.s.security.web.FilterChainProxy        : Securing GET /ws/info?t=1784835938468
2026-07-23T14:45:38.471-05:00 DEBUG 44112 --- [conteo-electoral] [nio-8081-exec-4] o.s.s.w.a.AnonymousAuthenticationFilter  : Set SecurityContextHolder to anonymous SecurityContext
2026-07-23T14:45:38.471-05:00 DEBUG 44112 --- [conteo-electoral] [nio-8081-exec-4] o.s.security.web.FilterChainProxy        : Secured GET /ws/info?t=1784835938468
2026-07-23T14:45:38.471-05:00 DEBUG 44112 --- [conteo-electoral] [nio-8081-exec-6] o.s.security.web.FilterChainProxy        : Secured GET /api/elecciones/activas
2026-07-23T14:45:38.478-05:00 DEBUG 44112 --- [conteo-electoral] [nio-8081-exec-2] o.s.security.web.FilterChainProxy        : Securing GET /ws/685/jwcsy0pv/websocket
2026-07-23T14:45:38.479-05:00 DEBUG 44112 --- [conteo-electoral] [nio-8081-exec-2] o.s.s.w.a.AnonymousAuthenticationFilter  : Set SecurityContextHolder to anonymous SecurityContext
2026-07-23T14:45:38.479-05:00 DEBUG 44112 --- [conteo-electoral] [nio-8081-exec-2] o.s.security.web.FilterChainProxy        : Secured GET /ws/685/jwcsy0pv/websocket
2026-07-23T14:45:38.493-05:00 DEBUG 44112 --- [conteo-electoral] [nio-8081-exec-7] o.s.security.web.FilterChainProxy        : Securing GET /api/reportes/1/resumen
2026-07-23T14:45:38.493-05:00 DEBUG 44112 --- [conteo-electoral] [nio-8081-exec-3] o.s.security.web.FilterChainProxy        : Securing GET /api/reportes/1/candidatos
2026-07-23T14:45:38.494-05:00 DEBUG 44112 --- [conteo-electoral] [nio-8081-exec-1] o.s.security.web.FilterChainProxy        : Securing GET /api/reportes/1/partidos
2026-07-23T14:45:38.494-05:00 DEBUG 44112 --- [conteo-electoral] [io-8081-exec-10] o.s.security.web.FilterChainProxy        : Securing GET /api/reportes/1/listas
2026-07-23T14:45:38.501-05:00 DEBUG 44112 --- [conteo-electoral] [io-8081-exec-10] o.s.security.web.FilterChainProxy        : Secured GET /api/reportes/1/listas
2026-07-23T14:45:38.502-05:00 DEBUG 44112 --- [conteo-electoral] [nio-8081-exec-1] o.s.security.web.FilterChainProxy        : Secured GET /api/reportes/1/partidos
2026-07-23T14:45:38.502-05:00 DEBUG 44112 --- [conteo-electoral] [nio-8081-exec-3] o.s.security.web.FilterChainProxy        : Secured GET /api/reportes/1/candidatos
2026-07-23T14:45:38.502-05:00 DEBUG 44112 --- [conteo-electoral] [nio-8081-exec-7] o.s.security.web.FilterChainProxy        : Secured GET /api/reportes/1/resumen
2026-07-23T14:45:38.974-05:00 DEBUG 44112 --- [conteo-electoral] [nio-8081-exec-4] o.s.security.web.FilterChainProxy        : Securing GET /api/auth/me
2026-07-23T14:45:38.981-05:00 DEBUG 44112 --- [conteo-electoral] [nio-8081-exec-4] o.s.security.web.FilterChainProxy        : Secured GET /api/auth/me
2026-07-23T14:45:39.014-05:00 DEBUG 44112 --- [conteo-electoral] [nio-8081-exec-2] o.s.security.web.FilterChainProxy        : Securing GET /api/elecciones
2026-07-23T14:45:39.025-05:00 DEBUG 44112 --- [conteo-electoral] [nio-8081-exec-2] o.s.security.web.FilterChainProxy        : Secured GET /api/elecciones
2026-07-23T14:45:39.048-05:00 DEBUG 44112 --- [conteo-electoral] [nio-8081-exec-5] o.s.security.web.FilterChainProxy        : Securing GET /api/cargos/eleccion/1
2026-07-23T14:45:39.048-05:00 DEBUG 44112 --- [conteo-electoral] [nio-8081-exec-8] o.s.security.web.FilterChainProxy        : Securing GET /api/candidatos/eleccion/1
2026-07-23T14:45:39.048-05:00 DEBUG 44112 --- [conteo-electoral] [nio-8081-exec-6] o.s.security.web.FilterChainProxy        : Securing GET /api/partidos/eleccion/1
2026-07-23T14:45:39.054-05:00 DEBUG 44112 --- [conteo-electoral] [nio-8081-exec-6] o.s.security.web.FilterChainProxy        : Secured GET /api/partidos/eleccion/1
2026-07-23T14:45:39.055-05:00 DEBUG 44112 --- [conteo-electoral] [nio-8081-exec-8] o.s.security.web.FilterChainProxy        : Secured GET /api/candidatos/eleccion/1
2026-07-23T14:45:39.055-05:00 DEBUG 44112 --- [conteo-electoral] [nio-8081-exec-5] o.s.security.web.FilterChainProxy        : Secured GET /api/cargos/eleccion/1
2026-07-23T14:45:39.102-05:00 DEBUG 44112 --- [conteo-electoral] [io-8081-exec-10] o.s.security.web.FilterChainProxy        : Securing GET /api/auth/me
2026-07-23T14:45:39.108-05:00 DEBUG 44112 --- [conteo-electoral] [io-8081-exec-10] o.s.security.web.FilterChainProxy        : Secured GET /api/auth/me
2026-07-23T14:45:39.247-05:00 DEBUG 44112 --- [conteo-electoral] [nio-8081-exec-3] o.s.security.web.FilterChainProxy        : Securing GET /api/elecciones/activas
2026-07-23T14:45:39.252-05:00 DEBUG 44112 --- [conteo-electoral] [nio-8081-exec-3] o.s.security.web.FilterChainProxy        : Secured GET /api/elecciones/activas
2026-07-23T14:45:39.263-05:00 DEBUG 44112 --- [conteo-electoral] [nio-8081-exec-1] o.s.security.web.FilterChainProxy        : Securing GET /ws/info?t=1784835939260
2026-07-23T14:45:39.264-05:00 DEBUG 44112 --- [conteo-electoral] [nio-8081-exec-1] o.s.s.w.a.AnonymousAuthenticationFilter  : Set SecurityContextHolder to anonymous SecurityContext
2026-07-23T14:45:39.264-05:00 DEBUG 44112 --- [conteo-electoral] [nio-8081-exec-1] o.s.security.web.FilterChainProxy        : Secured GET /ws/info?t=1784835939260
2026-07-23T14:45:39.273-05:00 DEBUG 44112 --- [conteo-electoral] [nio-8081-exec-7] o.s.security.web.FilterChainProxy        : Securing GET /ws/743/sk2dzrxb/websocket
2026-07-23T14:45:39.274-05:00 DEBUG 44112 --- [conteo-electoral] [nio-8081-exec-7] o.s.s.w.a.AnonymousAuthenticationFilter  : Set SecurityContextHolder to anonymous SecurityContext
2026-07-23T14:45:39.275-05:00 DEBUG 44112 --- [conteo-electoral] [nio-8081-exec-7] o.s.security.web.FilterChainProxy        : Secured GET /ws/743/sk2dzrxb/websocket
2026-07-23T14:45:39.277-05:00 DEBUG 44112 --- [conteo-electoral] [nio-8081-exec-9] o.s.security.web.FilterChainProxy        : Securing GET /api/candidatos/eleccion/1
2026-07-23T14:45:39.279-05:00 DEBUG 44112 --- [conteo-electoral] [nio-8081-exec-4] o.s.security.web.FilterChainProxy        : Securing GET /api/partidos/eleccion/1
2026-07-23T14:45:39.281-05:00 DEBUG 44112 --- [conteo-electoral] [nio-8081-exec-2] o.s.security.web.FilterChainProxy        : Securing GET /api/cargos/eleccion/1
2026-07-23T14:45:39.282-05:00 DEBUG 44112 --- [conteo-electoral] [nio-8081-exec-6] o.s.security.web.FilterChainProxy        : Securing GET /api/listas-electorales/eleccion/1
2026-07-23T14:45:39.283-05:00 DEBUG 44112 --- [conteo-electoral] [nio-8081-exec-9] o.s.security.web.FilterChainProxy        : Secured GET /api/candidatos/eleccion/1
2026-07-23T14:45:39.284-05:00 DEBUG 44112 --- [conteo-electoral] [nio-8081-exec-8] o.s.security.web.FilterChainProxy        : Securing GET /api/mesas/usuario/actual/eleccion/1
2026-07-23T14:45:39.285-05:00 DEBUG 44112 --- [conteo-electoral] [nio-8081-exec-4] o.s.security.web.FilterChainProxy        : Secured GET /api/partidos/eleccion/1
2026-07-23T14:45:39.286-05:00 DEBUG 44112 --- [conteo-electoral] [nio-8081-exec-2] o.s.security.web.FilterChainProxy        : Secured GET /api/cargos/eleccion/1
2026-07-23T14:45:39.286-05:00 DEBUG 44112 --- [conteo-electoral] [nio-8081-exec-6] o.s.security.web.FilterChainProxy        : Secured GET /api/listas-electorales/eleccion/1
2026-07-23T14:45:39.289-05:00 DEBUG 44112 --- [conteo-electoral] [nio-8081-exec-8] o.s.security.web.FilterChainProxy        : Secured GET /api/mesas/usuario/actual/eleccion/1
2026-07-23T14:45:39.323-05:00 DEBUG 44112 --- [conteo-electoral] [io-8081-exec-10] o.s.security.web.FilterChainProxy        : Securing GET /api/votos/mesa/9
2026-07-23T14:45:39.329-05:00 DEBUG 44112 --- [conteo-electoral] [io-8081-exec-10] o.s.security.web.FilterChainProxy        : Secured GET /api/votos/mesa/9
2026-07-23T14:45:55.069-05:00 DEBUG 44112 --- [conteo-electoral] [nio-8081-exec-7] o.s.security.web.FilterChainProxy        : Securing GET /api/auth/me
2026-07-23T14:45:55.080-05:00 DEBUG 44112 --- [conteo-electoral] [nio-8081-exec-7] o.s.security.web.FilterChainProxy        : Secured GET /api/auth/me
2026-07-23T14:45:55.111-05:00 DEBUG 44112 --- [conteo-electoral] [nio-8081-exec-5] o.s.security.web.FilterChainProxy        : Securing GET /api/elecciones/activas
2026-07-23T14:45:55.120-05:00 DEBUG 44112 --- [conteo-electoral] [nio-8081-exec-4] o.s.security.web.FilterChainProxy        : Securing GET /ws/info?t=1784835955118
2026-07-23T14:45:55.121-05:00 DEBUG 44112 --- [conteo-electoral] [nio-8081-exec-5] o.s.security.web.FilterChainProxy        : Secured GET /api/elecciones/activas
2026-07-23T14:45:55.121-05:00 DEBUG 44112 --- [conteo-electoral] [nio-8081-exec-4] o.s.s.w.a.AnonymousAuthenticationFilter  : Set SecurityContextHolder to anonymous SecurityContext
2026-07-23T14:45:55.121-05:00 DEBUG 44112 --- [conteo-electoral] [nio-8081-exec-4] o.s.security.web.FilterChainProxy        : Secured GET /ws/info?t=1784835955118
2026-07-23T14:45:55.127-05:00 DEBUG 44112 --- [conteo-electoral] [nio-8081-exec-9] o.s.security.web.FilterChainProxy        : Securing GET /ws/719/aenwqksc/websocket
2026-07-23T14:45:55.128-05:00 DEBUG 44112 --- [conteo-electoral] [nio-8081-exec-9] o.s.s.w.a.AnonymousAuthenticationFilter  : Set SecurityContextHolder to anonymous SecurityContext
2026-07-23T14:45:55.129-05:00 DEBUG 44112 --- [conteo-electoral] [nio-8081-exec-9] o.s.security.web.FilterChainProxy        : Secured GET /ws/719/aenwqksc/websocket
2026-07-23T14:45:55.139-05:00 DEBUG 44112 --- [conteo-electoral] [nio-8081-exec-1] o.s.security.web.FilterChainProxy        : Securing GET /api/reportes/1/partidos
2026-07-23T14:45:55.139-05:00 DEBUG 44112 --- [conteo-electoral] [io-8081-exec-10] o.s.security.web.FilterChainProxy        : Securing GET /api/reportes/1/candidatos
2026-07-23T14:45:55.139-05:00 DEBUG 44112 --- [conteo-electoral] [nio-8081-exec-8] o.s.security.web.FilterChainProxy        : Securing GET /api/reportes/1/resumen
2026-07-23T14:45:55.139-05:00 DEBUG 44112 --- [conteo-electoral] [nio-8081-exec-3] o.s.security.web.FilterChainProxy        : Securing GET /api/reportes/1/listas
2026-07-23T14:45:55.144-05:00 DEBUG 44112 --- [conteo-electoral] [nio-8081-exec-1] o.s.security.web.FilterChainProxy        : Secured GET /api/reportes/1/partidos
2026-07-23T14:45:55.146-05:00 DEBUG 44112 --- [conteo-electoral] [io-8081-exec-10] o.s.security.web.FilterChainProxy        : Secured GET /api/reportes/1/candidatos
2026-07-23T14:45:55.146-05:00 DEBUG 44112 --- [conteo-electoral] [nio-8081-exec-3] o.s.security.web.FilterChainProxy        : Secured GET /api/reportes/1/listas
2026-07-23T14:45:55.146-05:00 DEBUG 44112 --- [conteo-electoral] [nio-8081-exec-8] o.s.security.web.FilterChainProxy        : Secured GET /api/reportes/1/resumen
2026-07-23T14:45:55.964-05:00 DEBUG 44112 --- [conteo-electoral] [nio-8081-exec-4] o.s.security.web.FilterChainProxy        : Securing GET /api/auth/me
2026-07-23T14:45:55.973-05:00 DEBUG 44112 --- [conteo-electoral] [nio-8081-exec-4] o.s.security.web.FilterChainProxy        : Secured GET /api/auth/me
2026-07-23T14:45:56.003-05:00 DEBUG 44112 --- [conteo-electoral] [nio-8081-exec-9] o.s.security.web.FilterChainProxy        : Securing GET /api/elecciones
2026-07-23T14:45:56.012-05:00 DEBUG 44112 --- [conteo-electoral] [nio-8081-exec-9] o.s.security.web.FilterChainProxy        : Secured GET /api/elecciones
2026-07-23T14:45:56.037-05:00 DEBUG 44112 --- [conteo-electoral] [nio-8081-exec-5] o.s.security.web.FilterChainProxy        : Securing GET /api/partidos/eleccion/1
2026-07-23T14:45:56.037-05:00 DEBUG 44112 --- [conteo-electoral] [nio-8081-exec-2] o.s.security.web.FilterChainProxy        : Securing GET /api/cargos/eleccion/1
2026-07-23T14:45:56.037-05:00 DEBUG 44112 --- [conteo-electoral] [nio-8081-exec-6] o.s.security.web.FilterChainProxy        : Securing GET /api/candidatos/eleccion/1
2026-07-23T14:45:56.045-05:00 DEBUG 44112 --- [conteo-electoral] [nio-8081-exec-6] o.s.security.web.FilterChainProxy        : Secured GET /api/candidatos/eleccion/1
2026-07-23T14:45:56.045-05:00 DEBUG 44112 --- [conteo-electoral] [nio-8081-exec-2] o.s.security.web.FilterChainProxy        : Secured GET /api/cargos/eleccion/1
2026-07-23T14:45:56.045-05:00 DEBUG 44112 --- [conteo-electoral] [nio-8081-exec-5] o.s.security.web.FilterChainProxy        : Secured GET /api/partidos/eleccion/1
2026-07-23T14:45:56.101-05:00 DEBUG 44112 --- [conteo-electoral] [nio-8081-exec-3] o.s.security.web.FilterChainProxy        : Securing GET /api/auth/me
2026-07-23T14:45:56.109-05:00 DEBUG 44112 --- [conteo-electoral] [nio-8081-exec-3] o.s.security.web.FilterChainProxy        : Secured GET /api/auth/me
2026-07-23T14:45:56.176-05:00 DEBUG 44112 --- [conteo-electoral] [io-8081-exec-10] o.s.security.web.FilterChainProxy        : Securing GET /api/elecciones/activas
2026-07-23T14:45:56.182-05:00 DEBUG 44112 --- [conteo-electoral] [io-8081-exec-10] o.s.security.web.FilterChainProxy        : Secured GET /api/elecciones/activas
2026-07-23T14:45:56.200-05:00 DEBUG 44112 --- [conteo-electoral] [nio-8081-exec-1] o.s.security.web.FilterChainProxy        : Securing GET /ws/info?t=1784835956198
2026-07-23T14:45:56.201-05:00 DEBUG 44112 --- [conteo-electoral] [nio-8081-exec-1] o.s.s.w.a.AnonymousAuthenticationFilter  : Set SecurityContextHolder to anonymous SecurityContext
2026-07-23T14:45:56.201-05:00 DEBUG 44112 --- [conteo-electoral] [nio-8081-exec-1] o.s.security.web.FilterChainProxy        : Secured GET /ws/info?t=1784835956198
2026-07-23T14:45:56.203-05:00 DEBUG 44112 --- [conteo-electoral] [nio-8081-exec-8] o.s.security.web.FilterChainProxy        : Securing GET /api/candidatos/eleccion/1
2026-07-23T14:45:56.204-05:00 DEBUG 44112 --- [conteo-electoral] [nio-8081-exec-7] o.s.security.web.FilterChainProxy        : Securing GET /api/partidos/eleccion/1
2026-07-23T14:45:56.205-05:00 DEBUG 44112 --- [conteo-electoral] [nio-8081-exec-4] o.s.security.web.FilterChainProxy        : Securing GET /api/cargos/eleccion/1
2026-07-23T14:45:56.206-05:00 DEBUG 44112 --- [conteo-electoral] [nio-8081-exec-9] o.s.security.web.FilterChainProxy        : Securing GET /api/listas-electorales/eleccion/1
2026-07-23T14:45:56.206-05:00 DEBUG 44112 --- [conteo-electoral] [nio-8081-exec-5] o.s.security.web.FilterChainProxy        : Securing GET /api/mesas/usuario/actual/eleccion/1
2026-07-23T14:45:56.208-05:00 DEBUG 44112 --- [conteo-electoral] [nio-8081-exec-8] o.s.security.web.FilterChainProxy        : Secured GET /api/candidatos/eleccion/1
2026-07-23T14:45:56.208-05:00 DEBUG 44112 --- [conteo-electoral] [nio-8081-exec-7] o.s.security.web.FilterChainProxy        : Secured GET /api/partidos/eleccion/1
2026-07-23T14:45:56.209-05:00 DEBUG 44112 --- [conteo-electoral] [nio-8081-exec-9] o.s.security.web.FilterChainProxy        : Secured GET /api/listas-electorales/eleccion/1
2026-07-23T14:45:56.209-05:00 DEBUG 44112 --- [conteo-electoral] [nio-8081-exec-4] o.s.security.web.FilterChainProxy        : Secured GET /api/cargos/eleccion/1
2026-07-23T14:45:56.212-05:00 DEBUG 44112 --- [conteo-electoral] [nio-8081-exec-5] o.s.security.web.FilterChainProxy        : Secured GET /api/mesas/usuario/actual/eleccion/1
2026-07-23T14:45:56.223-05:00 DEBUG 44112 --- [conteo-electoral] [nio-8081-exec-6] o.s.security.web.FilterChainProxy        : Securing GET /ws/077/2wzqnyr1/websocket
2026-07-23T14:45:56.225-05:00 DEBUG 44112 --- [conteo-electoral] [nio-8081-exec-6] o.s.s.w.a.AnonymousAuthenticationFilter  : Set SecurityContextHolder to anonymous SecurityContext
2026-07-23T14:45:56.225-05:00 DEBUG 44112 --- [conteo-electoral] [nio-8081-exec-6] o.s.security.web.FilterChainProxy        : Secured GET /ws/077/2wzqnyr1/websocket
2026-07-23T14:45:56.247-05:00 DEBUG 44112 --- [conteo-electoral] [nio-8081-exec-3] o.s.security.web.FilterChainProxy        : Securing GET /api/votos/mesa/9
2026-07-23T14:45:56.253-05:00 DEBUG 44112 --- [conteo-electoral] [nio-8081-exec-3] o.s.security.web.FilterChainProxy        : Secured GET /api/votos/mesa/9
2026-07-23T14:46:51.455-05:00 DEBUG 44112 --- [conteo-electoral] [nio-8081-exec-1] o.s.security.web.FilterChainProxy        : Securing GET /api/votos/mesa/8
2026-07-23T14:46:51.466-05:00 DEBUG 44112 --- [conteo-electoral] [nio-8081-exec-1] o.s.security.web.FilterChainProxy        : Secured GET /api/votos/mesa/8
2026-07-23T14:46:59.978-05:00 DEBUG 44112 --- [conteo-electoral] [nio-8081-exec-7] o.s.security.web.FilterChainProxy        : Securing OPTIONS /api/votos/mesa/10
2026-07-23T14:46:59.981-05:00 DEBUG 44112 --- [conteo-electoral] [nio-8081-exec-8] o.s.security.web.FilterChainProxy        : Securing GET /api/votos/mesa/10
2026-07-23T14:46:59.990-05:00 DEBUG 44112 --- [conteo-electoral] [nio-8081-exec-8] o.s.security.web.FilterChainProxy        : Secured GET /api/votos/mesa/10
2026-07-23T14:47:01.588-05:00 DEBUG 44112 --- [conteo-electoral] [nio-8081-exec-2] o.s.security.web.FilterChainProxy        : Securing GET /api/votos/mesa/8
2026-07-23T14:47:01.598-05:00 DEBUG 44112 --- [conteo-electoral] [nio-8081-exec-2] o.s.security.web.FilterChainProxy        : Secured GET /api/votos/mesa/8
2026-07-23T14:47:02.357-05:00 DEBUG 44112 --- [conteo-electoral] [nio-8081-exec-1] o.s.security.web.FilterChainProxy        : Securing GET /api/votos/mesa/10
2026-07-23T14:47:02.368-05:00 DEBUG 44112 --- [conteo-electoral] [nio-8081-exec-1] o.s.security.web.FilterChainProxy        : Secured GET /api/votos/mesa/10
2026-07-23T15:11:26.711-05:00  INFO 44112 --- [conteo-electoral] [essageBroker-16] o.s.w.s.c.WebSocketMessageBrokerStats    : WebSocketSession[2 current WS(2)-HttpStream(0)-HttpPoll(0), 12 total, 0 closed abnormally (0 connect failure, 0 send limit, 0 transport error)], stompSubProtocol[processed CONNECT(12)-CONNECTED(12)-DISCONNECT(0)], stompBrokerRelay[null], inboundChannel[pool size = 0, active threads = 0, queued tasks = 0, completed tasks = 96], outboundChannel[pool size = 0, active threads = 0, queued tasks = 0, completed tasks = 22], sockJsScheduler[pool size = 32, active threads = 1, queued tasks = 3, completed tasks = 517]
2026-07-23T15:41:26.728-05:00  INFO 44112 --- [conteo-electoral] [MessageBroker-8] o.s.w.s.c.WebSocketMessageBrokerStats    : WebSocketSession[2 current WS(2)-HttpStream(0)-HttpPoll(0), 12 total, 0 closed abnormally (0 connect failure, 0 send limit, 0 transport error)], stompSubProtocol[processed CONNECT(12)-CONNECTED(12)-DISCONNECT(0)], stompBrokerRelay[null], inboundChannel[pool size = 0, active threads = 0, queued tasks = 0, completed tasks = 96], outboundChannel[pool size = 0, active threads = 0, queued tasks = 0, completed tasks = 22], sockJsScheduler[pool size = 32, active threads = 1, queued tasks = 3, completed tasks = 1022]
2026-07-23T15:55:49.416-05:00 DEBUG 44112 --- [conteo-electoral] [nio-8081-exec-5] o.s.security.web.FilterChainProxy        : Securing OPTIONS /api/auth/me
2026-07-23T15:55:49.420-05:00 DEBUG 44112 --- [conteo-electoral] [nio-8081-exec-4] o.s.security.web.FilterChainProxy        : Securing GET /api/auth/me
2026-07-23T15:55:49.434-05:00 DEBUG 44112 --- [conteo-electoral] [nio-8081-exec-4] o.s.security.web.FilterChainProxy        : Secured GET /api/auth/me
2026-07-23T15:55:49.463-05:00 DEBUG 44112 --- [conteo-electoral] [nio-8081-exec-3] o.s.security.web.FilterChainProxy        : Securing OPTIONS /api/elecciones/activas
2026-07-23T15:55:49.466-05:00 DEBUG 44112 --- [conteo-electoral] [io-8081-exec-10] o.s.security.web.FilterChainProxy        : Securing GET /api/elecciones/activas
2026-07-23T15:55:49.469-05:00 DEBUG 44112 --- [conteo-electoral] [nio-8081-exec-7] o.s.security.web.FilterChainProxy        : Securing GET /ws/info?t=1784840149467
2026-07-23T15:55:49.470-05:00 DEBUG 44112 --- [conteo-electoral] [nio-8081-exec-7] o.s.s.w.a.AnonymousAuthenticationFilter  : Set SecurityContextHolder to anonymous SecurityContext
2026-07-23T15:55:49.471-05:00 DEBUG 44112 --- [conteo-electoral] [nio-8081-exec-7] o.s.security.web.FilterChainProxy        : Secured GET /ws/info?t=1784840149467
2026-07-23T15:55:49.472-05:00 DEBUG 44112 --- [conteo-electoral] [io-8081-exec-10] o.s.security.web.FilterChainProxy        : Secured GET /api/elecciones/activas
2026-07-23T15:55:49.475-05:00 DEBUG 44112 --- [conteo-electoral] [nio-8081-exec-8] o.s.security.web.FilterChainProxy        : Securing GET /ws/148/uu10mhex/websocket
2026-07-23T15:55:49.476-05:00 DEBUG 44112 --- [conteo-electoral] [nio-8081-exec-8] o.s.s.w.a.AnonymousAuthenticationFilter  : Set SecurityContextHolder to anonymous SecurityContext
2026-07-23T15:55:49.476-05:00 DEBUG 44112 --- [conteo-electoral] [nio-8081-exec-8] o.s.security.web.FilterChainProxy        : Secured GET /ws/148/uu10mhex/websocket
2026-07-23T15:55:49.493-05:00 DEBUG 44112 --- [conteo-electoral] [nio-8081-exec-9] o.s.security.web.FilterChainProxy        : Securing OPTIONS /api/reportes/1/resumen
2026-07-23T15:55:49.493-05:00 DEBUG 44112 --- [conteo-electoral] [nio-8081-exec-6] o.s.security.web.FilterChainProxy        : Securing OPTIONS /api/reportes/1/candidatos
2026-07-23T15:55:49.494-05:00 DEBUG 44112 --- [conteo-electoral] [nio-8081-exec-5] o.s.security.web.FilterChainProxy        : Securing OPTIONS /api/reportes/1/partidos
2026-07-23T15:55:49.494-05:00 DEBUG 44112 --- [conteo-electoral] [nio-8081-exec-4] o.s.security.web.FilterChainProxy        : Securing OPTIONS /api/reportes/1/listas
2026-07-23T15:55:49.496-05:00 DEBUG 44112 --- [conteo-electoral] [nio-8081-exec-2] o.s.security.web.FilterChainProxy        : Securing GET /api/reportes/1/listas
2026-07-23T15:55:49.496-05:00 DEBUG 44112 --- [conteo-electoral] [nio-8081-exec-7] o.s.security.web.FilterChainProxy        : Securing GET /api/reportes/1/candidatos
2026-07-23T15:55:49.496-05:00 DEBUG 44112 --- [conteo-electoral] [nio-8081-exec-3] o.s.security.web.FilterChainProxy        : Securing GET /api/reportes/1/resumen
2026-07-23T15:55:49.496-05:00 DEBUG 44112 --- [conteo-electoral] [nio-8081-exec-8] o.s.security.web.FilterChainProxy        : Securing GET /api/reportes/1/partidos
2026-07-23T15:55:49.502-05:00 DEBUG 44112 --- [conteo-electoral] [nio-8081-exec-2] o.s.security.web.FilterChainProxy        : Secured GET /api/reportes/1/listas
2026-07-23T15:55:49.506-05:00 DEBUG 44112 --- [conteo-electoral] [nio-8081-exec-7] o.s.security.web.FilterChainProxy        : Secured GET /api/reportes/1/candidatos
2026-07-23T15:55:49.506-05:00 DEBUG 44112 --- [conteo-electoral] [nio-8081-exec-8] o.s.security.web.FilterChainProxy        : Secured GET /api/reportes/1/partidos
2026-07-23T15:55:49.507-05:00 DEBUG 44112 --- [conteo-electoral] [nio-8081-exec-3] o.s.security.web.FilterChainProxy        : Secured GET /api/reportes/1/resumen
2026-07-23T15:56:02.031-05:00 DEBUG 44112 --- [conteo-electoral] [nio-8081-exec-1] o.s.security.web.FilterChainProxy        : Securing OPTIONS /api/auth/me
2026-07-23T15:56:02.034-05:00 DEBUG 44112 --- [conteo-electoral] [nio-8081-exec-9] o.s.security.web.FilterChainProxy        : Securing GET /api/auth/me
2026-07-23T15:56:02.045-05:00 DEBUG 44112 --- [conteo-electoral] [nio-8081-exec-9] o.s.security.web.FilterChainProxy        : Secured GET /api/auth/me
2026-07-23T15:56:02.105-05:00 DEBUG 44112 --- [conteo-electoral] [nio-8081-exec-6] o.s.security.web.FilterChainProxy        : Securing OPTIONS /api/elecciones/activas
2026-07-23T15:56:02.108-05:00 DEBUG 44112 --- [conteo-electoral] [nio-8081-exec-5] o.s.security.web.FilterChainProxy        : Securing GET /api/elecciones/activas
2026-07-23T15:56:02.115-05:00 DEBUG 44112 --- [conteo-electoral] [nio-8081-exec-5] o.s.security.web.FilterChainProxy        : Secured GET /api/elecciones/activas
2026-07-23T15:56:02.120-05:00 DEBUG 44112 --- [conteo-electoral] [nio-8081-exec-4] o.s.security.web.FilterChainProxy        : Securing GET /ws/info?t=1784840162116
2026-07-23T15:56:02.120-05:00 DEBUG 44112 --- [conteo-electoral] [nio-8081-exec-4] o.s.s.w.a.AnonymousAuthenticationFilter  : Set SecurityContextHolder to anonymous SecurityContext
2026-07-23T15:56:02.121-05:00 DEBUG 44112 --- [conteo-electoral] [nio-8081-exec-4] o.s.security.web.FilterChainProxy        : Secured GET /ws/info?t=1784840162116
2026-07-23T15:56:02.128-05:00 DEBUG 44112 --- [conteo-electoral] [nio-8081-exec-2] o.s.security.web.FilterChainProxy        : Securing GET /ws/002/sesuhynq/websocket
2026-07-23T15:56:02.129-05:00 DEBUG 44112 --- [conteo-electoral] [nio-8081-exec-2] o.s.s.w.a.AnonymousAuthenticationFilter  : Set SecurityContextHolder to anonymous SecurityContext
2026-07-23T15:56:02.129-05:00 DEBUG 44112 --- [conteo-electoral] [nio-8081-exec-2] o.s.security.web.FilterChainProxy        : Secured GET /ws/002/sesuhynq/websocket
2026-07-23T15:56:02.145-05:00 DEBUG 44112 --- [conteo-electoral] [nio-8081-exec-7] o.s.security.web.FilterChainProxy        : Securing OPTIONS /api/candidatos/eleccion/1
2026-07-23T15:56:02.146-05:00 DEBUG 44112 --- [conteo-electoral] [nio-8081-exec-8] o.s.security.web.FilterChainProxy        : Securing OPTIONS /api/partidos/eleccion/1
2026-07-23T15:56:02.147-05:00 DEBUG 44112 --- [conteo-electoral] [nio-8081-exec-3] o.s.security.web.FilterChainProxy        : Securing OPTIONS /api/cargos/eleccion/1
2026-07-23T15:56:02.148-05:00 DEBUG 44112 --- [conteo-electoral] [nio-8081-exec-1] o.s.security.web.FilterChainProxy        : Securing GET /api/candidatos/eleccion/1
2026-07-23T15:56:02.148-05:00 DEBUG 44112 --- [conteo-electoral] [nio-8081-exec-6] o.s.security.web.FilterChainProxy        : Securing GET /api/partidos/eleccion/1
2026-07-23T15:56:02.148-05:00 DEBUG 44112 --- [conteo-electoral] [nio-8081-exec-4] o.s.security.web.FilterChainProxy        : Securing GET /api/cargos/eleccion/1
2026-07-23T15:56:02.149-05:00 DEBUG 44112 --- [conteo-electoral] [io-8081-exec-10] o.s.security.web.FilterChainProxy        : Securing OPTIONS /api/listas-electorales/eleccion/1
2026-07-23T15:56:02.149-05:00 DEBUG 44112 --- [conteo-electoral] [nio-8081-exec-9] o.s.security.web.FilterChainProxy        : Securing OPTIONS /api/mesas/usuario/actual/eleccion/1
2026-07-23T15:56:02.151-05:00 DEBUG 44112 --- [conteo-electoral] [nio-8081-exec-5] o.s.security.web.FilterChainProxy        : Securing GET /api/mesas/usuario/actual/eleccion/1
2026-07-23T15:56:02.151-05:00 DEBUG 44112 --- [conteo-electoral] [nio-8081-exec-2] o.s.security.web.FilterChainProxy        : Securing GET /api/listas-electorales/eleccion/1
2026-07-23T15:56:02.155-05:00 DEBUG 44112 --- [conteo-electoral] [nio-8081-exec-6] o.s.security.web.FilterChainProxy        : Secured GET /api/partidos/eleccion/1
2026-07-23T15:56:02.156-05:00 DEBUG 44112 --- [conteo-electoral] [nio-8081-exec-1] o.s.security.web.FilterChainProxy        : Secured GET /api/candidatos/eleccion/1
2026-07-23T15:56:02.156-05:00 DEBUG 44112 --- [conteo-electoral] [nio-8081-exec-4] o.s.security.web.FilterChainProxy        : Secured GET /api/cargos/eleccion/1
2026-07-23T15:56:02.158-05:00 DEBUG 44112 --- [conteo-electoral] [nio-8081-exec-2] o.s.security.web.FilterChainProxy        : Secured GET /api/listas-electorales/eleccion/1
2026-07-23T15:56:02.160-05:00 DEBUG 44112 --- [conteo-electoral] [nio-8081-exec-5] o.s.security.web.FilterChainProxy        : Secured GET /api/mesas/usuario/actual/eleccion/1
2026-07-23T15:56:02.194-05:00 DEBUG 44112 --- [conteo-electoral] [nio-8081-exec-8] o.s.security.web.FilterChainProxy        : Securing OPTIONS /api/votos/mesa/9
2026-07-23T15:56:02.197-05:00 DEBUG 44112 --- [conteo-electoral] [nio-8081-exec-3] o.s.security.web.FilterChainProxy        : Securing GET /api/votos/mesa/9
2026-07-23T15:56:02.203-05:00 DEBUG 44112 --- [conteo-electoral] [nio-8081-exec-3] o.s.security.web.FilterChainProxy        : Secured GET /api/votos/mesa/9
2026-07-23T15:56:06.476-05:00 DEBUG 44112 --- [conteo-electoral] [nio-8081-exec-9] o.s.security.web.FilterChainProxy        : Securing OPTIONS /api/votos/mesa/8
2026-07-23T15:56:06.480-05:00 DEBUG 44112 --- [conteo-electoral] [nio-8081-exec-7] o.s.security.web.FilterChainProxy        : Securing GET /api/votos/mesa/8
2026-07-23T15:56:06.492-05:00 DEBUG 44112 --- [conteo-electoral] [nio-8081-exec-7] o.s.security.web.FilterChainProxy        : Secured GET /api/votos/mesa/8
2026-07-23T15:56:29.564-05:00 DEBUG 44112 --- [conteo-electoral] [nio-8081-exec-6] o.s.security.web.FilterChainProxy        : Securing OPTIONS /api/listas-electorales/1
2026-07-23T15:56:29.571-05:00 DEBUG 44112 --- [conteo-electoral] [nio-8081-exec-1] o.s.security.web.FilterChainProxy        : Securing GET /api/listas-electorales/1
2026-07-23T15:56:29.582-05:00 DEBUG 44112 --- [conteo-electoral] [nio-8081-exec-1] o.s.security.web.FilterChainProxy        : Secured GET /api/listas-electorales/1
2026-07-23T15:56:40.774-05:00 DEBUG 44112 --- [conteo-electoral] [nio-8081-exec-4] o.s.security.web.FilterChainProxy        : Securing GET /api/listas-electorales/1
2026-07-23T15:56:40.785-05:00 DEBUG 44112 --- [conteo-electoral] [nio-8081-exec-4] o.s.security.web.FilterChainProxy        : Secured GET /api/listas-electorales/1
2026-07-23T15:56:59.222-05:00 DEBUG 44112 --- [conteo-electoral] [nio-8081-exec-7] o.s.security.web.FilterChainProxy        : Securing OPTIONS /api/elecciones
2026-07-23T15:56:59.225-05:00 DEBUG 44112 --- [conteo-electoral] [nio-8081-exec-6] o.s.security.web.FilterChainProxy        : Securing GET /api/elecciones
2026-07-23T15:56:59.235-05:00 DEBUG 44112 --- [conteo-electoral] [nio-8081-exec-6] o.s.security.web.FilterChainProxy        : Secured GET /api/elecciones
2026-07-23T15:56:59.256-05:00 DEBUG 44112 --- [conteo-electoral] [nio-8081-exec-1] o.s.security.web.FilterChainProxy        : Securing OPTIONS /api/candidatos/eleccion/1
2026-07-23T15:56:59.257-05:00 DEBUG 44112 --- [conteo-electoral] [nio-8081-exec-3] o.s.security.web.FilterChainProxy        : Securing OPTIONS /api/cargos/eleccion/1
2026-07-23T15:56:59.257-05:00 DEBUG 44112 --- [conteo-electoral] [nio-8081-exec-4] o.s.security.web.FilterChainProxy        : Securing OPTIONS /api/partidos/eleccion/1
2026-07-23T15:56:59.257-05:00 DEBUG 44112 --- [conteo-electoral] [nio-8081-exec-2] o.s.security.web.FilterChainProxy        : Securing GET /api/candidatos/eleccion/1
2026-07-23T15:56:59.258-05:00 DEBUG 44112 --- [conteo-electoral] [nio-8081-exec-5] o.s.security.web.FilterChainProxy        : Securing GET /api/cargos/eleccion/1
2026-07-23T15:56:59.258-05:00 DEBUG 44112 --- [conteo-electoral] [nio-8081-exec-8] o.s.security.web.FilterChainProxy        : Securing GET /api/partidos/eleccion/1
2026-07-23T15:56:59.263-05:00 DEBUG 44112 --- [conteo-electoral] [nio-8081-exec-8] o.s.security.web.FilterChainProxy        : Secured GET /api/partidos/eleccion/1
2026-07-23T15:56:59.265-05:00 DEBUG 44112 --- [conteo-electoral] [nio-8081-exec-5] o.s.security.web.FilterChainProxy        : Secured GET /api/cargos/eleccion/1
2026-07-23T15:56:59.265-05:00 DEBUG 44112 --- [conteo-electoral] [nio-8081-exec-2] o.s.security.web.FilterChainProxy        : Secured GET /api/candidatos/eleccion/1
2026-07-23T15:57:47.285-05:00 DEBUG 44112 --- [conteo-electoral] [nio-8081-exec-8] o.s.security.web.FilterChainProxy        : Securing GET /api/elecciones
2026-07-23T15:57:47.285-05:00 DEBUG 44112 --- [conteo-electoral] [nio-8081-exec-4] o.s.security.web.FilterChainProxy        : Securing OPTIONS /api/tipos-circunscripcion
2026-07-23T15:57:47.289-05:00 DEBUG 44112 --- [conteo-electoral] [nio-8081-exec-2] o.s.security.web.FilterChainProxy        : Securing GET /api/tipos-circunscripcion
2026-07-23T15:57:47.292-05:00 DEBUG 44112 --- [conteo-electoral] [nio-8081-exec-8] o.s.security.web.FilterChainProxy        : Secured GET /api/elecciones
2026-07-23T15:57:47.296-05:00 DEBUG 44112 --- [conteo-electoral] [nio-8081-exec-2] o.s.security.web.FilterChainProxy        : Secured GET /api/tipos-circunscripcion
2026-07-23T15:57:47.307-05:00 DEBUG 44112 --- [conteo-electoral] [nio-8081-exec-5] o.s.security.web.FilterChainProxy        : Securing GET /api/cargos/eleccion/1
2026-07-23T15:57:47.314-05:00 DEBUG 44112 --- [conteo-electoral] [nio-8081-exec-5] o.s.security.web.FilterChainProxy        : Secured GET /api/cargos/eleccion/1
2026-07-23T15:59:33.372-05:00 DEBUG 44112 --- [conteo-electoral] [nio-8081-exec-1] o.s.security.web.FilterChainProxy        : Securing GET /api/elecciones
2026-07-23T15:59:33.381-05:00 DEBUG 44112 --- [conteo-electoral] [nio-8081-exec-1] o.s.security.web.FilterChainProxy        : Secured GET /api/elecciones
2026-07-23T15:59:33.401-05:00 DEBUG 44112 --- [conteo-electoral] [nio-8081-exec-3] o.s.security.web.FilterChainProxy        : Securing GET /api/partidos/eleccion/1
2026-07-23T15:59:33.401-05:00 DEBUG 44112 --- [conteo-electoral] [nio-8081-exec-9] o.s.security.web.FilterChainProxy        : Securing GET /api/candidatos/eleccion/1
2026-07-23T15:59:33.402-05:00 DEBUG 44112 --- [conteo-electoral] [nio-8081-exec-4] o.s.security.web.FilterChainProxy        : Securing GET /api/cargos/eleccion/1
2026-07-23T15:59:33.406-05:00 DEBUG 44112 --- [conteo-electoral] [nio-8081-exec-4] o.s.security.web.FilterChainProxy        : Secured GET /api/cargos/eleccion/1
2026-07-23T15:59:33.407-05:00 DEBUG 44112 --- [conteo-electoral] [nio-8081-exec-9] o.s.security.web.FilterChainProxy        : Secured GET /api/candidatos/eleccion/1
2026-07-23T15:59:33.407-05:00 DEBUG 44112 --- [conteo-electoral] [nio-8081-exec-3] o.s.security.web.FilterChainProxy        : Secured GET /api/partidos/eleccion/1
2026-07-23T16:00:04.357-05:00 DEBUG 44112 --- [conteo-electoral] [nio-8081-exec-2] o.s.security.web.FilterChainProxy        : Securing OPTIONS /api/candidatos
2026-07-23T16:00:04.359-05:00 DEBUG 44112 --- [conteo-electoral] [nio-8081-exec-8] o.s.security.web.FilterChainProxy        : Securing POST /api/candidatos
2026-07-23T16:00:04.366-05:00 DEBUG 44112 --- [conteo-electoral] [nio-8081-exec-8] o.s.security.web.FilterChainProxy        : Secured POST /api/candidatos
2026-07-23T16:00:04.425-05:00 DEBUG 44112 --- [conteo-electoral] [nio-8081-exec-8] horizationManagerBeforeMethodInterceptor : Authorizing method invocation ReflectiveMethodInvocation: public org.springframework.http.ResponseEntity com.electoral.controllers.CandidatoController.createCandidato(com.electoral.dto.CandidatoRequest); target is of class [com.electoral.controllers.CandidatoController]
2026-07-23T16:00:04.434-05:00 DEBUG 44112 --- [conteo-electoral] [nio-8081-exec-8] horizationManagerBeforeMethodInterceptor : Authorized method invocation ReflectiveMethodInvocation: public org.springframework.http.ResponseEntity com.electoral.controllers.CandidatoController.createCandidato(com.electoral.dto.CandidatoRequest); target is of class [com.electoral.controllers.CandidatoController]
2026-07-23T16:00:04.455-05:00 ERROR 44112 --- [conteo-electoral] [nio-8081-exec-8] c.e.exception.GlobalExceptionHandler     : Entidad duplicada: Ya existe un candidato del partido 'MOVIMIENTO SOMOS' para el cargo de 'CONSEJAL' en esta elección
2026-07-23T16:02:34.696-05:00 DEBUG 44112 --- [conteo-electoral] [nio-8081-exec-6] o.s.security.web.FilterChainProxy        : Securing OPTIONS /api/votos/mesa/10
2026-07-23T16:02:34.698-05:00 DEBUG 44112 --- [conteo-electoral] [nio-8081-exec-1] o.s.security.web.FilterChainProxy        : Securing GET /api/votos/mesa/10
2026-07-23T16:02:34.707-05:00 DEBUG 44112 --- [conteo-electoral] [nio-8081-exec-1] o.s.security.web.FilterChainProxy        : Secured GET /api/votos/mesa/10
2026-07-23T16:02:35.333-05:00 DEBUG 44112 --- [conteo-electoral] [nio-8081-exec-3] o.s.security.web.FilterChainProxy        : Securing GET /api/votos/mesa/8
2026-07-23T16:02:35.342-05:00 DEBUG 44112 --- [conteo-electoral] [nio-8081-exec-3] o.s.security.web.FilterChainProxy        : Secured GET /api/votos/mesa/8
2026-07-23T16:02:36.193-05:00 DEBUG 44112 --- [conteo-electoral] [nio-8081-exec-4] o.s.security.web.FilterChainProxy        : Securing GET /api/votos/mesa/10
2026-07-23T16:02:36.202-05:00 DEBUG 44112 --- [conteo-electoral] [nio-8081-exec-4] o.s.security.web.FilterChainProxy        : Secured GET /api/votos/mesa/10
2026-07-23T16:02:43.132-05:00 DEBUG 44112 --- [conteo-electoral] [nio-8081-exec-8] o.s.security.web.FilterChainProxy        : Securing GET /api/auth/me
2026-07-23T16:02:43.142-05:00 DEBUG 44112 --- [conteo-electoral] [nio-8081-exec-8] o.s.security.web.FilterChainProxy        : Secured GET /api/auth/me
2026-07-23T16:02:43.189-05:00 DEBUG 44112 --- [conteo-electoral] [nio-8081-exec-5] o.s.security.web.FilterChainProxy        : Securing GET /api/auth/me
2026-07-23T16:02:43.198-05:00 DEBUG 44112 --- [conteo-electoral] [nio-8081-exec-5] o.s.security.web.FilterChainProxy        : Secured GET /api/auth/me
2026-07-23T16:02:43.235-05:00 DEBUG 44112 --- [conteo-electoral] [nio-8081-exec-7] o.s.security.web.FilterChainProxy        : Securing GET /api/elecciones/activas
2026-07-23T16:02:43.244-05:00 DEBUG 44112 --- [conteo-electoral] [nio-8081-exec-7] o.s.security.web.FilterChainProxy        : Secured GET /api/elecciones/activas
2026-07-23T16:02:43.248-05:00 DEBUG 44112 --- [conteo-electoral] [io-8081-exec-10] o.s.security.web.FilterChainProxy        : Securing GET /api/elecciones
2026-07-23T16:02:43.249-05:00 DEBUG 44112 --- [conteo-electoral] [nio-8081-exec-6] o.s.security.web.FilterChainProxy        : Securing GET /ws/info?t=1784840563245
2026-07-23T16:02:43.249-05:00 DEBUG 44112 --- [conteo-electoral] [nio-8081-exec-6] o.s.s.w.a.AnonymousAuthenticationFilter  : Set SecurityContextHolder to anonymous SecurityContext
2026-07-23T16:02:43.250-05:00 DEBUG 44112 --- [conteo-electoral] [nio-8081-exec-6] o.s.security.web.FilterChainProxy        : Secured GET /ws/info?t=1784840563245
2026-07-23T16:02:43.255-05:00 DEBUG 44112 --- [conteo-electoral] [io-8081-exec-10] o.s.security.web.FilterChainProxy        : Secured GET /api/elecciones
2026-07-23T16:02:43.271-05:00 DEBUG 44112 --- [conteo-electoral] [nio-8081-exec-1] o.s.security.web.FilterChainProxy        : Securing GET /api/candidatos/eleccion/1
2026-07-23T16:02:43.272-05:00 DEBUG 44112 --- [conteo-electoral] [nio-8081-exec-3] o.s.security.web.FilterChainProxy        : Securing GET /api/partidos/eleccion/1
2026-07-23T16:02:43.274-05:00 DEBUG 44112 --- [conteo-electoral] [nio-8081-exec-4] o.s.security.web.FilterChainProxy        : Securing GET /api/cargos/eleccion/1
2026-07-23T16:02:43.274-05:00 DEBUG 44112 --- [conteo-electoral] [nio-8081-exec-9] o.s.security.web.FilterChainProxy        : Securing GET /api/candidatos/eleccion/1
2026-07-23T16:02:43.275-05:00 DEBUG 44112 --- [conteo-electoral] [nio-8081-exec-2] o.s.security.web.FilterChainProxy        : Securing GET /api/partidos/eleccion/1
2026-07-23T16:02:43.275-05:00 DEBUG 44112 --- [conteo-electoral] [nio-8081-exec-8] o.s.security.web.FilterChainProxy        : Securing GET /api/cargos/eleccion/1
2026-07-23T16:02:43.276-05:00 DEBUG 44112 --- [conteo-electoral] [nio-8081-exec-5] o.s.security.web.FilterChainProxy        : Securing GET /api/listas-electorales/eleccion/1
2026-07-23T16:02:43.277-05:00 DEBUG 44112 --- [conteo-electoral] [nio-8081-exec-1] o.s.security.web.FilterChainProxy        : Secured GET /api/candidatos/eleccion/1
2026-07-23T16:02:43.279-05:00 DEBUG 44112 --- [conteo-electoral] [nio-8081-exec-6] o.s.security.web.FilterChainProxy        : Securing GET /ws/092/aorstk1a/websocket
2026-07-23T16:02:43.279-05:00 DEBUG 44112 --- [conteo-electoral] [nio-8081-exec-9] o.s.security.web.FilterChainProxy        : Secured GET /api/candidatos/eleccion/1
2026-07-23T16:02:43.279-05:00 DEBUG 44112 --- [conteo-electoral] [nio-8081-exec-3] o.s.security.web.FilterChainProxy        : Secured GET /api/partidos/eleccion/1
2026-07-23T16:02:43.280-05:00 DEBUG 44112 --- [conteo-electoral] [nio-8081-exec-6] o.s.s.w.a.AnonymousAuthenticationFilter  : Set SecurityContextHolder to anonymous SecurityContext
2026-07-23T16:02:43.280-05:00 DEBUG 44112 --- [conteo-electoral] [nio-8081-exec-4] o.s.security.web.FilterChainProxy        : Secured GET /api/cargos/eleccion/1
2026-07-23T16:02:43.280-05:00 DEBUG 44112 --- [conteo-electoral] [nio-8081-exec-2] o.s.security.web.FilterChainProxy        : Secured GET /api/partidos/eleccion/1
2026-07-23T16:02:43.280-05:00 DEBUG 44112 --- [conteo-electoral] [nio-8081-exec-8] o.s.security.web.FilterChainProxy        : Secured GET /api/cargos/eleccion/1
2026-07-23T16:02:43.280-05:00 DEBUG 44112 --- [conteo-electoral] [nio-8081-exec-6] o.s.security.web.FilterChainProxy        : Secured GET /ws/092/aorstk1a/websocket
2026-07-23T16:02:43.285-05:00 DEBUG 44112 --- [conteo-electoral] [nio-8081-exec-7] o.s.security.web.FilterChainProxy        : Securing GET /api/mesas/usuario/actual/eleccion/1
2026-07-23T16:02:43.285-05:00 DEBUG 44112 --- [conteo-electoral] [nio-8081-exec-5] o.s.security.web.FilterChainProxy        : Secured GET /api/listas-electorales/eleccion/1
2026-07-23T16:02:43.290-05:00 DEBUG 44112 --- [conteo-electoral] [nio-8081-exec-7] o.s.security.web.FilterChainProxy        : Secured GET /api/mesas/usuario/actual/eleccion/1
2026-07-23T16:02:43.326-05:00 DEBUG 44112 --- [conteo-electoral] [nio-8081-exec-6] o.s.security.web.FilterChainProxy        : Securing GET /api/votos/mesa/9
2026-07-23T16:02:43.332-05:00 DEBUG 44112 --- [conteo-electoral] [nio-8081-exec-6] o.s.security.web.FilterChainProxy        : Secured GET /api/votos/mesa/9
2026-07-23T16:02:43.950-05:00 DEBUG 44112 --- [conteo-electoral] [nio-8081-exec-2] o.s.security.web.FilterChainProxy        : Securing GET /api/auth/me
2026-07-23T16:02:43.960-05:00 DEBUG 44112 --- [conteo-electoral] [nio-8081-exec-2] o.s.security.web.FilterChainProxy        : Secured GET /api/auth/me
2026-07-23T16:02:43.983-05:00 DEBUG 44112 --- [conteo-electoral] [nio-8081-exec-4] o.s.security.web.FilterChainProxy        : Securing GET /api/elecciones
2026-07-23T16:02:43.991-05:00 DEBUG 44112 --- [conteo-electoral] [nio-8081-exec-4] o.s.security.web.FilterChainProxy        : Secured GET /api/elecciones
2026-07-23T16:02:44.008-05:00 DEBUG 44112 --- [conteo-electoral] [nio-8081-exec-9] o.s.security.web.FilterChainProxy        : Securing GET /api/partidos/eleccion/1
2026-07-23T16:02:44.008-05:00 DEBUG 44112 --- [conteo-electoral] [nio-8081-exec-8] o.s.security.web.FilterChainProxy        : Securing GET /api/candidatos/eleccion/1
2026-07-23T16:02:44.009-05:00 DEBUG 44112 --- [conteo-electoral] [nio-8081-exec-1] o.s.security.web.FilterChainProxy        : Securing GET /api/cargos/eleccion/1
2026-07-23T16:02:44.016-05:00 DEBUG 44112 --- [conteo-electoral] [nio-8081-exec-8] o.s.security.web.FilterChainProxy        : Secured GET /api/candidatos/eleccion/1
2026-07-23T16:02:44.016-05:00 DEBUG 44112 --- [conteo-electoral] [nio-8081-exec-9] o.s.security.web.FilterChainProxy        : Secured GET /api/partidos/eleccion/1
2026-07-23T16:02:44.018-05:00 DEBUG 44112 --- [conteo-electoral] [nio-8081-exec-1] o.s.security.web.FilterChainProxy        : Secured GET /api/cargos/eleccion/1
2026-07-23T16:04:29.398-05:00 DEBUG 44112 --- [conteo-electoral] [nio-8081-exec-1] o.s.security.web.FilterChainProxy        : Securing GET /api/votos/mesa/8
2026-07-23T16:04:29.410-05:00 DEBUG 44112 --- [conteo-electoral] [nio-8081-exec-1] o.s.security.web.FilterChainProxy        : Secured GET /api/votos/mesa/8
2026-07-23T16:05:38.422-05:00 DEBUG 44112 --- [conteo-electoral] [nio-8081-exec-3] o.s.security.web.FilterChainProxy        : Securing GET /api/elecciones/activas
2026-07-23T16:05:38.422-05:00 DEBUG 44112 --- [conteo-electoral] [nio-8081-exec-2] o.s.security.web.FilterChainProxy        : Securing GET /ws/info?t=1784840738418
2026-07-23T16:05:38.424-05:00 DEBUG 44112 --- [conteo-electoral] [nio-8081-exec-2] o.s.s.w.a.AnonymousAuthenticationFilter  : Set SecurityContextHolder to anonymous SecurityContext
2026-07-23T16:05:38.424-05:00 DEBUG 44112 --- [conteo-electoral] [nio-8081-exec-2] o.s.security.web.FilterChainProxy        : Secured GET /ws/info?t=1784840738418
2026-07-23T16:05:38.428-05:00 DEBUG 44112 --- [conteo-electoral] [nio-8081-exec-5] o.s.security.web.FilterChainProxy        : Securing GET /ws/172/epwciwrf/websocket
2026-07-23T16:05:38.428-05:00 DEBUG 44112 --- [conteo-electoral] [nio-8081-exec-5] o.s.s.w.a.AnonymousAuthenticationFilter  : Set SecurityContextHolder to anonymous SecurityContext
2026-07-23T16:05:38.429-05:00 DEBUG 44112 --- [conteo-electoral] [nio-8081-exec-5] o.s.security.web.FilterChainProxy        : Secured GET /ws/172/epwciwrf/websocket
2026-07-23T16:05:38.430-05:00 DEBUG 44112 --- [conteo-electoral] [nio-8081-exec-3] o.s.security.web.FilterChainProxy        : Secured GET /api/elecciones/activas
2026-07-23T16:05:38.446-05:00 DEBUG 44112 --- [conteo-electoral] [nio-8081-exec-4] o.s.security.web.FilterChainProxy        : Securing GET /api/reportes/1/resumen
2026-07-23T16:05:38.446-05:00 DEBUG 44112 --- [conteo-electoral] [nio-8081-exec-8] o.s.security.web.FilterChainProxy        : Securing GET /api/reportes/1/candidatos
2026-07-23T16:05:38.446-05:00 DEBUG 44112 --- [conteo-electoral] [nio-8081-exec-9] o.s.security.web.FilterChainProxy        : Securing GET /api/reportes/1/partidos
2026-07-23T16:05:38.446-05:00 DEBUG 44112 --- [conteo-electoral] [nio-8081-exec-1] o.s.security.web.FilterChainProxy        : Securing GET /api/reportes/1/listas
2026-07-23T16:05:38.451-05:00 DEBUG 44112 --- [conteo-electoral] [nio-8081-exec-4] o.s.security.web.FilterChainProxy        : Secured GET /api/reportes/1/resumen
2026-07-23T16:05:38.451-05:00 DEBUG 44112 --- [conteo-electoral] [nio-8081-exec-8] o.s.security.web.FilterChainProxy        : Secured GET /api/reportes/1/candidatos
2026-07-23T16:05:38.451-05:00 DEBUG 44112 --- [conteo-electoral] [nio-8081-exec-1] o.s.security.web.FilterChainProxy        : Secured GET /api/reportes/1/listas
2026-07-23T16:05:38.451-05:00 DEBUG 44112 --- [conteo-electoral] [nio-8081-exec-9] o.s.security.web.FilterChainProxy        : Secured GET /api/reportes/1/partidos
2026-07-23T16:08:05.548-05:00 DEBUG 44112 --- [conteo-electoral] [nio-8081-exec-1] o.s.security.web.FilterChainProxy        : Securing GET /api/auth/me
2026-07-23T16:08:05.556-05:00 DEBUG 44112 --- [conteo-electoral] [nio-8081-exec-1] o.s.security.web.FilterChainProxy        : Secured GET /api/auth/me
2026-07-23T16:08:05.585-05:00 DEBUG 44112 --- [conteo-electoral] [nio-8081-exec-8] o.s.security.web.FilterChainProxy        : Securing GET /api/elecciones/activas
2026-07-23T16:08:05.590-05:00 DEBUG 44112 --- [conteo-electoral] [nio-8081-exec-4] o.s.security.web.FilterChainProxy        : Securing GET /ws/info?t=1784840885588
2026-07-23T16:08:05.591-05:00 DEBUG 44112 --- [conteo-electoral] [nio-8081-exec-4] o.s.s.w.a.AnonymousAuthenticationFilter  : Set SecurityContextHolder to anonymous SecurityContext
2026-07-23T16:08:05.591-05:00 DEBUG 44112 --- [conteo-electoral] [nio-8081-exec-4] o.s.security.web.FilterChainProxy        : Secured GET /ws/info?t=1784840885588
2026-07-23T16:08:05.593-05:00 DEBUG 44112 --- [conteo-electoral] [nio-8081-exec-8] o.s.security.web.FilterChainProxy        : Secured GET /api/elecciones/activas
2026-07-23T16:08:05.595-05:00 DEBUG 44112 --- [conteo-electoral] [nio-8081-exec-9] o.s.security.web.FilterChainProxy        : Securing GET /ws/686/lvicm5cq/websocket
2026-07-23T16:08:05.596-05:00 DEBUG 44112 --- [conteo-electoral] [nio-8081-exec-9] o.s.s.w.a.AnonymousAuthenticationFilter  : Set SecurityContextHolder to anonymous SecurityContext
2026-07-23T16:08:05.596-05:00 DEBUG 44112 --- [conteo-electoral] [nio-8081-exec-9] o.s.security.web.FilterChainProxy        : Secured GET /ws/686/lvicm5cq/websocket
2026-07-23T16:08:05.608-05:00 DEBUG 44112 --- [conteo-electoral] [nio-8081-exec-7] o.s.security.web.FilterChainProxy        : Securing GET /api/reportes/1/candidatos
2026-07-23T16:08:05.608-05:00 DEBUG 44112 --- [conteo-electoral] [nio-8081-exec-6] o.s.security.web.FilterChainProxy        : Securing GET /api/reportes/1/resumen
2026-07-23T16:08:05.609-05:00 DEBUG 44112 --- [conteo-electoral] [io-8081-exec-10] o.s.security.web.FilterChainProxy        : Securing GET /api/reportes/1/listas
2026-07-23T16:08:05.609-05:00 DEBUG 44112 --- [conteo-electoral] [nio-8081-exec-5] o.s.security.web.FilterChainProxy        : Securing GET /api/reportes/1/partidos
2026-07-23T16:08:05.614-05:00 DEBUG 44112 --- [conteo-electoral] [nio-8081-exec-7] o.s.security.web.FilterChainProxy        : Secured GET /api/reportes/1/candidatos
2026-07-23T16:08:05.615-05:00 DEBUG 44112 --- [conteo-electoral] [io-8081-exec-10] o.s.security.web.FilterChainProxy        : Secured GET /api/reportes/1/listas
2026-07-23T16:08:05.615-05:00 DEBUG 44112 --- [conteo-electoral] [nio-8081-exec-5] o.s.security.web.FilterChainProxy        : Secured GET /api/reportes/1/partidos
2026-07-23T16:08:05.615-05:00 DEBUG 44112 --- [conteo-electoral] [nio-8081-exec-6] o.s.security.web.FilterChainProxy        : Secured GET /api/reportes/1/resumen
2026-07-23T16:11:26.734-05:00  INFO 44112 --- [conteo-electoral] [essageBroker-21] o.s.w.s.c.WebSocketMessageBrokerStats    : WebSocketSession[2 current WS(2)-HttpStream(0)-HttpPoll(0), 17 total, 0 closed abnormally (0 connect failure, 0 send limit, 0 transport error)], stompSubProtocol[processed CONNECT(17)-CONNECTED(17)-DISCONNECT(0)], stompBrokerRelay[null], inboundChannel[pool size = 0, active threads = 0, queued tasks = 0, completed tasks = 144], outboundChannel[pool size = 0, active threads = 0, queued tasks = 0, completed tasks = 32], sockJsScheduler[pool size = 32, active threads = 1, queued tasks = 3, completed tasks = 1517]
2026-07-23T16:41:26.742-05:00  INFO 44112 --- [conteo-electoral] [essageBroker-18] o.s.w.s.c.WebSocketMessageBrokerStats    : WebSocketSession[2 current WS(2)-HttpStream(0)-HttpPoll(0), 17 total, 0 closed abnormally (0 connect failure, 0 send limit, 0 transport error)], stompSubProtocol[processed CONNECT(17)-CONNECTED(17)-DISCONNECT(0)], stompBrokerRelay[null], inboundChannel[pool size = 0, active threads = 0, queued tasks = 0, completed tasks = 144], outboundChannel[pool size = 0, active threads = 0, queued tasks = 0, completed tasks = 32], sockJsScheduler[pool size = 32, active threads = 1, queued tasks = 3, completed tasks = 2022]
2026-07-23T17:11:26.746-05:00  INFO 44112 --- [conteo-electoral] [essageBroker-26] o.s.w.s.c.WebSocketMessageBrokerStats    : WebSocketSession[2 current WS(2)-HttpStream(0)-HttpPoll(0), 17 total, 0 closed abnormally (0 connect failure, 0 send limit, 0 transport error)], stompSubProtocol[processed CONNECT(17)-CONNECTED(17)-DISCONNECT(0)], stompBrokerRelay[null], inboundChannel[pool size = 0, active threads = 0, queued tasks = 0, completed tasks = 144], outboundChannel[pool size = 0, active threads = 0, queued tasks = 0, completed tasks = 32], sockJsScheduler[pool size = 32, active threads = 1, queued tasks = 3, completed tasks = 2527]
2026-07-23T17:41:26.760-05:00  INFO 44112 --- [conteo-electoral] [essageBroker-24] o.s.w.s.c.WebSocketMessageBrokerStats    : WebSocketSession[2 current WS(2)-HttpStream(0)-HttpPoll(0), 17 total, 0 closed abnormally (0 connect failure, 0 send limit, 0 transport error)], stompSubProtocol[processed CONNECT(17)-CONNECTED(17)-DISCONNECT(0)], stompBrokerRelay[null], inboundChannel[pool size = 0, active threads = 0, queued tasks = 0, completed tasks = 144], outboundChannel[pool size = 0, active threads = 0, queued tasks = 0, completed tasks = 32], sockJsScheduler[pool size = 32, active threads = 1, queued tasks = 3, completed tasks = 3031]
2026-07-23T18:11:26.775-05:00  INFO 44112 --- [conteo-electoral] [MessageBroker-8] o.s.w.s.c.WebSocketMessageBrokerStats    : WebSocketSession[2 current WS(2)-HttpStream(0)-HttpPoll(0), 17 total, 0 closed abnormally (0 connect failure, 0 send limit, 0 transport error)], stompSubProtocol[processed CONNECT(17)-CONNECTED(17)-DISCONNECT(0)], stompBrokerRelay[null], inboundChannel[pool size = 0, active threads = 0, queued tasks = 0, completed tasks = 144], outboundChannel[pool size = 0, active threads = 0, queued tasks = 0, completed tasks = 32], sockJsScheduler[pool size = 32, active threads = 1, queued tasks = 3, completed tasks = 3536]
2026-07-23T18:41:26.787-05:00  INFO 44112 --- [conteo-electoral] [MessageBroker-4] o.s.w.s.c.WebSocketMessageBrokerStats    : WebSocketSession[2 current WS(2)-HttpStream(0)-HttpPoll(0), 17 total, 0 closed abnormally (0 connect failure, 0 send limit, 0 transport error)], stompSubProtocol[processed CONNECT(17)-CONNECTED(17)-DISCONNECT(0)], stompBrokerRelay[null], inboundChannel[pool size = 0, active threads = 0, queued tasks = 0, completed tasks = 144], outboundChannel[pool size = 0, active threads = 0, queued tasks = 0, completed tasks = 32], sockJsScheduler[pool size = 32, active threads = 1, queued tasks = 3, completed tasks = 4041]
2026-07-23T19:11:26.791-05:00  INFO 44112 --- [conteo-electoral] [essageBroker-15] o.s.w.s.c.WebSocketMessageBrokerStats    : WebSocketSession[2 current WS(2)-HttpStream(0)-HttpPoll(0), 17 total, 0 closed abnormally (0 connect failure, 0 send limit, 0 transport error)], stompSubProtocol[processed CONNECT(17)-CONNECTED(17)-DISCONNECT(0)], stompBrokerRelay[null], inboundChannel[pool size = 0, active threads = 0, queued tasks = 0, completed tasks = 144], outboundChannel[pool size = 0, active threads = 0, queued tasks = 0, completed tasks = 32], sockJsScheduler[pool size = 32, active threads = 1, queued tasks = 3, completed tasks = 4546]
2026-07-23T19:41:26.806-05:00  INFO 44112 --- [conteo-electoral] [essageBroker-28] o.s.w.s.c.WebSocketMessageBrokerStats    : WebSocketSession[2 current WS(2)-HttpStream(0)-HttpPoll(0), 17 total, 0 closed abnormally (0 connect failure, 0 send limit, 0 transport error)], stompSubProtocol[processed CONNECT(17)-CONNECTED(17)-DISCONNECT(0)], stompBrokerRelay[null], inboundChannel[pool size = 0, active threads = 0, queued tasks = 0, completed tasks = 144], outboundChannel[pool size = 0, active threads = 0, queued tasks = 0, completed tasks = 32], sockJsScheduler[pool size = 32, active threads = 1, queued tasks = 3, completed tasks = 5051]
2026-07-23T20:11:26.813-05:00  INFO 44112 --- [conteo-electoral] [essageBroker-11] o.s.w.s.c.WebSocketMessageBrokerStats    : WebSocketSession[2 current WS(2)-HttpStream(0)-HttpPoll(0), 17 total, 0 closed abnormally (0 connect failure, 0 send limit, 0 transport error)], stompSubProtocol[processed CONNECT(17)-CONNECTED(17)-DISCONNECT(0)], stompBrokerRelay[null], inboundChannel[pool size = 0, active threads = 0, queued tasks = 0, completed tasks = 144], outboundChannel[pool size = 0, active threads = 0, queued tasks = 0, completed tasks = 32], sockJsScheduler[pool size = 32, active threads = 1, queued tasks = 3, completed tasks = 5556]
2026-07-23T20:41:26.821-05:00  INFO 44112 --- [conteo-electoral] [MessageBroker-9] o.s.w.s.c.WebSocketMessageBrokerStats    : WebSocketSession[2 current WS(2)-HttpStream(0)-HttpPoll(0), 17 total, 0 closed abnormally (0 connect failure, 0 send limit, 0 transport error)], stompSubProtocol[processed CONNECT(17)-CONNECTED(17)-DISCONNECT(0)], stompBrokerRelay[null], inboundChannel[pool size = 0, active threads = 0, queued tasks = 0, completed tasks = 144], outboundChannel[pool size = 0, active threads = 0, queued tasks = 0, completed tasks = 32], sockJsScheduler[pool size = 32, active threads = 1, queued tasks = 3, completed tasks = 6061]
2026-07-23T21:11:26.826-05:00  INFO 44112 --- [conteo-electoral] [essageBroker-30] o.s.w.s.c.WebSocketMessageBrokerStats    : WebSocketSession[2 current WS(2)-HttpStream(0)-HttpPoll(0), 17 total, 0 closed abnormally (0 connect failure, 0 send limit, 0 transport error)], stompSubProtocol[processed CONNECT(17)-CONNECTED(17)-DISCONNECT(0)], stompBrokerRelay[null], inboundChannel[pool size = 0, active threads = 0, queued tasks = 0, completed tasks = 144], outboundChannel[pool size = 0, active threads = 0, queued tasks = 0, completed tasks = 32], sockJsScheduler[pool size = 32, active threads = 1, queued tasks = 3, completed tasks = 6566]
2026-07-23T21:38:26.342-05:00 DEBUG 44112 --- [conteo-electoral] [nio-8081-exec-3] o.s.security.web.FilterChainProxy        : Securing OPTIONS /api/auth/me
2026-07-23T21:38:26.345-05:00 DEBUG 44112 --- [conteo-electoral] [io-8081-exec-10] o.s.security.web.FilterChainProxy        : Securing GET /api/auth/me
2026-07-23T21:38:26.355-05:00 DEBUG 44112 --- [conteo-electoral] [io-8081-exec-10] o.s.security.web.FilterChainProxy        : Secured GET /api/auth/me
2026-07-23T21:38:26.379-05:00 DEBUG 44112 --- [conteo-electoral] [nio-8081-exec-7] o.s.security.web.FilterChainProxy        : Securing OPTIONS /api/elecciones
2026-07-23T21:38:26.381-05:00 DEBUG 44112 --- [conteo-electoral] [nio-8081-exec-6] o.s.security.web.FilterChainProxy        : Securing GET /api/elecciones
2026-07-23T21:38:26.387-05:00 DEBUG 44112 --- [conteo-electoral] [nio-8081-exec-6] o.s.security.web.FilterChainProxy        : Secured GET /api/elecciones
2026-07-23T21:38:26.410-05:00 DEBUG 44112 --- [conteo-electoral] [nio-8081-exec-5] o.s.security.web.FilterChainProxy        : Securing OPTIONS /api/candidatos/eleccion/1
2026-07-23T21:38:26.410-05:00 DEBUG 44112 --- [conteo-electoral] [nio-8081-exec-4] o.s.security.web.FilterChainProxy        : Securing OPTIONS /api/cargos/eleccion/1
2026-07-23T21:38:26.410-05:00 DEBUG 44112 --- [conteo-electoral] [nio-8081-exec-2] o.s.security.web.FilterChainProxy        : Securing OPTIONS /api/partidos/eleccion/1
2026-07-23T21:38:26.411-05:00 DEBUG 44112 --- [conteo-electoral] [nio-8081-exec-1] o.s.security.web.FilterChainProxy        : Securing GET /api/candidatos/eleccion/1
2026-07-23T21:38:26.412-05:00 DEBUG 44112 --- [conteo-electoral] [nio-8081-exec-9] o.s.security.web.FilterChainProxy        : Securing GET /api/cargos/eleccion/1
2026-07-23T21:38:26.412-05:00 DEBUG 44112 --- [conteo-electoral] [nio-8081-exec-8] o.s.security.web.FilterChainProxy        : Securing GET /api/partidos/eleccion/1
2026-07-23T21:38:26.417-05:00 DEBUG 44112 --- [conteo-electoral] [nio-8081-exec-1] o.s.security.web.FilterChainProxy        : Secured GET /api/candidatos/eleccion/1
2026-07-23T21:38:26.421-05:00 DEBUG 44112 --- [conteo-electoral] [nio-8081-exec-8] o.s.security.web.FilterChainProxy        : Secured GET /api/partidos/eleccion/1
2026-07-23T21:38:26.421-05:00 DEBUG 44112 --- [conteo-electoral] [nio-8081-exec-9] o.s.security.web.FilterChainProxy        : Secured GET /api/cargos/eleccion/1
2026-07-23T21:38:55.345-05:00 DEBUG 44112 --- [conteo-electoral] [io-8081-exec-10] o.s.security.web.FilterChainProxy        : Securing OPTIONS /api/auth/me
2026-07-23T21:38:55.348-05:00 DEBUG 44112 --- [conteo-electoral] [nio-8081-exec-7] o.s.security.web.FilterChainProxy        : Securing GET /api/auth/me
2026-07-23T21:38:55.358-05:00 DEBUG 44112 --- [conteo-electoral] [nio-8081-exec-7] o.s.security.web.FilterChainProxy        : Secured GET /api/auth/me
2026-07-23T21:38:55.408-05:00 DEBUG 44112 --- [conteo-electoral] [nio-8081-exec-6] o.s.security.web.FilterChainProxy        : Securing OPTIONS /api/elecciones/activas
2026-07-23T21:38:55.410-05:00 DEBUG 44112 --- [conteo-electoral] [nio-8081-exec-5] o.s.security.web.FilterChainProxy        : Securing GET /api/elecciones/activas
2026-07-23T21:38:55.417-05:00 DEBUG 44112 --- [conteo-electoral] [nio-8081-exec-5] o.s.security.web.FilterChainProxy        : Secured GET /api/elecciones/activas
2026-07-23T21:38:55.423-05:00 DEBUG 44112 --- [conteo-electoral] [nio-8081-exec-4] o.s.security.web.FilterChainProxy        : Securing GET /ws/info?t=1784860735420
2026-07-23T21:38:55.424-05:00 DEBUG 44112 --- [conteo-electoral] [nio-8081-exec-4] o.s.s.w.a.AnonymousAuthenticationFilter  : Set SecurityContextHolder to anonymous SecurityContext
2026-07-23T21:38:55.424-05:00 DEBUG 44112 --- [conteo-electoral] [nio-8081-exec-4] o.s.security.web.FilterChainProxy        : Secured GET /ws/info?t=1784860735420
2026-07-23T21:38:55.432-05:00 DEBUG 44112 --- [conteo-electoral] [nio-8081-exec-2] o.s.security.web.FilterChainProxy        : Securing GET /ws/941/eitajekd/websocket
2026-07-23T21:38:55.433-05:00 DEBUG 44112 --- [conteo-electoral] [nio-8081-exec-2] o.s.s.w.a.AnonymousAuthenticationFilter  : Set SecurityContextHolder to anonymous SecurityContext
2026-07-23T21:38:55.434-05:00 DEBUG 44112 --- [conteo-electoral] [nio-8081-exec-2] o.s.security.web.FilterChainProxy        : Secured GET /ws/941/eitajekd/websocket
2026-07-23T21:38:55.452-05:00 DEBUG 44112 --- [conteo-electoral] [nio-8081-exec-8] o.s.security.web.FilterChainProxy        : Securing OPTIONS /api/candidatos/eleccion/1
2026-07-23T21:38:55.454-05:00 DEBUG 44112 --- [conteo-electoral] [nio-8081-exec-1] o.s.security.web.FilterChainProxy        : Securing OPTIONS /api/partidos/eleccion/1
2026-07-23T21:38:55.454-05:00 DEBUG 44112 --- [conteo-electoral] [nio-8081-exec-9] o.s.security.web.FilterChainProxy        : Securing OPTIONS /api/cargos/eleccion/1
2026-07-23T21:38:55.455-05:00 DEBUG 44112 --- [conteo-electoral] [io-8081-exec-10] o.s.security.web.FilterChainProxy        : Securing GET /api/candidatos/eleccion/1
2026-07-23T21:38:55.456-05:00 DEBUG 44112 --- [conteo-electoral] [nio-8081-exec-3] o.s.security.web.FilterChainProxy        : Securing OPTIONS /api/listas-electorales/eleccion/1
2026-07-23T21:38:55.457-05:00 DEBUG 44112 --- [conteo-electoral] [nio-8081-exec-6] o.s.security.web.FilterChainProxy        : Securing GET /api/partidos/eleccion/1
2026-07-23T21:38:55.458-05:00 DEBUG 44112 --- [conteo-electoral] [nio-8081-exec-4] o.s.security.web.FilterChainProxy        : Securing GET /api/cargos/eleccion/1
2026-07-23T21:38:55.458-05:00 DEBUG 44112 --- [conteo-electoral] [nio-8081-exec-7] o.s.security.web.FilterChainProxy        : Securing OPTIONS /api/mesas/usuario/actual/eleccion/1
2026-07-23T21:38:55.459-05:00 DEBUG 44112 --- [conteo-electoral] [nio-8081-exec-5] o.s.security.web.FilterChainProxy        : Securing GET /api/listas-electorales/eleccion/1
2026-07-23T21:38:55.460-05:00 DEBUG 44112 --- [conteo-electoral] [nio-8081-exec-2] o.s.security.web.FilterChainProxy        : Securing GET /api/mesas/usuario/actual/eleccion/1
2026-07-23T21:38:55.462-05:00 DEBUG 44112 --- [conteo-electoral] [io-8081-exec-10] o.s.security.web.FilterChainProxy        : Secured GET /api/candidatos/eleccion/1
2026-07-23T21:38:55.464-05:00 DEBUG 44112 --- [conteo-electoral] [nio-8081-exec-6] o.s.security.web.FilterChainProxy        : Secured GET /api/partidos/eleccion/1
2026-07-23T21:38:55.465-05:00 DEBUG 44112 --- [conteo-electoral] [nio-8081-exec-2] o.s.security.web.FilterChainProxy        : Secured GET /api/mesas/usuario/actual/eleccion/1
2026-07-23T21:38:55.465-05:00 DEBUG 44112 --- [conteo-electoral] [nio-8081-exec-4] o.s.security.web.FilterChainProxy        : Secured GET /api/cargos/eleccion/1
2026-07-23T21:38:55.468-05:00 DEBUG 44112 --- [conteo-electoral] [nio-8081-exec-5] o.s.security.web.FilterChainProxy        : Secured GET /api/listas-electorales/eleccion/1
2026-07-23T21:38:55.499-05:00 DEBUG 44112 --- [conteo-electoral] [nio-8081-exec-1] o.s.security.web.FilterChainProxy        : Securing OPTIONS /api/votos/mesa/8
2026-07-23T21:38:55.502-05:00 DEBUG 44112 --- [conteo-electoral] [nio-8081-exec-9] o.s.security.web.FilterChainProxy        : Securing GET /api/votos/mesa/8
2026-07-23T21:38:55.509-05:00 DEBUG 44112 --- [conteo-electoral] [nio-8081-exec-9] o.s.security.web.FilterChainProxy        : Secured GET /api/votos/mesa/8
2026-07-23T21:39:04.183-05:00 DEBUG 44112 --- [conteo-electoral] [nio-8081-exec-7] o.s.security.web.FilterChainProxy        : Securing OPTIONS /api/votos
2026-07-23T21:39:04.187-05:00 DEBUG 44112 --- [conteo-electoral] [nio-8081-exec-8] o.s.security.web.FilterChainProxy        : Securing POST /api/votos
2026-07-23T21:39:04.195-05:00 DEBUG 44112 --- [conteo-electoral] [nio-8081-exec-8] o.s.security.web.FilterChainProxy        : Secured POST /api/votos
2026-07-23T21:39:04.200-05:00 DEBUG 44112 --- [conteo-electoral] [nio-8081-exec-8] horizationManagerBeforeMethodInterceptor : Authorizing method invocation ReflectiveMethodInvocation: public org.springframework.http.ResponseEntity com.electoral.controllers.VotoController.registrarVoto(com.electoral.dto.VotoRequest); target is of class [com.electoral.controllers.VotoController]
2026-07-23T21:39:04.202-05:00 DEBUG 44112 --- [conteo-electoral] [nio-8081-exec-8] horizationManagerBeforeMethodInterceptor : Authorized method invocation ReflectiveMethodInvocation: public org.springframework.http.ResponseEntity com.electoral.controllers.VotoController.registrarVoto(com.electoral.dto.VotoRequest); target is of class [com.electoral.controllers.VotoController]
2026-07-23T21:39:04.315-05:00 DEBUG 44112 --- [conteo-electoral] [nio-8081-exec-6] o.s.security.web.FilterChainProxy        : Securing OPTIONS /api/reportes/1/resumen
2026-07-23T21:39:04.315-05:00 DEBUG 44112 --- [conteo-electoral] [io-8081-exec-10] o.s.security.web.FilterChainProxy        : Securing OPTIONS /api/reportes/1/candidatos
2026-07-23T21:39:04.316-05:00 DEBUG 44112 --- [conteo-electoral] [nio-8081-exec-4] o.s.security.web.FilterChainProxy        : Securing OPTIONS /api/reportes/1/partidos
2026-07-23T21:39:04.316-05:00 DEBUG 44112 --- [conteo-electoral] [nio-8081-exec-5] o.s.security.web.FilterChainProxy        : Securing OPTIONS /api/reportes/1/listas
2026-07-23T21:39:04.318-05:00 DEBUG 44112 --- [conteo-electoral] [nio-8081-exec-2] o.s.security.web.FilterChainProxy        : Securing GET /api/votos/mesa/8
2026-07-23T21:39:04.319-05:00 DEBUG 44112 --- [conteo-electoral] [nio-8081-exec-1] o.s.security.web.FilterChainProxy        : Securing GET /api/reportes/1/resumen
2026-07-23T21:39:04.319-05:00 DEBUG 44112 --- [conteo-electoral] [nio-8081-exec-9] o.s.security.web.FilterChainProxy        : Securing GET /api/reportes/1/candidatos
2026-07-23T21:39:04.319-05:00 DEBUG 44112 --- [conteo-electoral] [nio-8081-exec-3] o.s.security.web.FilterChainProxy        : Securing GET /api/reportes/1/partidos
2026-07-23T21:39:04.319-05:00 DEBUG 44112 --- [conteo-electoral] [nio-8081-exec-7] o.s.security.web.FilterChainProxy        : Securing GET /api/reportes/1/listas
2026-07-23T21:39:04.323-05:00 DEBUG 44112 --- [conteo-electoral] [nio-8081-exec-9] o.s.security.web.FilterChainProxy        : Secured GET /api/reportes/1/candidatos
2026-07-23T21:39:04.324-05:00 DEBUG 44112 --- [conteo-electoral] [nio-8081-exec-1] o.s.security.web.FilterChainProxy        : Secured GET /api/reportes/1/resumen
2026-07-23T21:39:04.325-05:00 DEBUG 44112 --- [conteo-electoral] [nio-8081-exec-3] o.s.security.web.FilterChainProxy        : Secured GET /api/reportes/1/partidos
2026-07-23T21:39:04.325-05:00 DEBUG 44112 --- [conteo-electoral] [nio-8081-exec-2] o.s.security.web.FilterChainProxy        : Secured GET /api/votos/mesa/8
2026-07-23T21:39:04.328-05:00 DEBUG 44112 --- [conteo-electoral] [nio-8081-exec-7] o.s.security.web.FilterChainProxy        : Secured GET /api/reportes/1/listas
2026-07-23T21:41:26.836-05:00  INFO 44112 --- [conteo-electoral] [essageBroker-29] o.s.w.s.c.WebSocketMessageBrokerStats    : WebSocketSession[2 current WS(2)-HttpStream(0)-HttpPoll(0), 18 total, 0 closed abnormally (0 connect failure, 0 send limit, 0 transport error)], stompSubProtocol[processed CONNECT(18)-CONNECTED(18)-DISCONNECT(0)], stompBrokerRelay[null], inboundChannel[pool size = 0, active threads = 0, queued tasks = 0, completed tasks = 153], outboundChannel[pool size = 0, active threads = 0, queued tasks = 0, completed tasks = 35], sockJsScheduler[pool size = 32, active threads = 1, queued tasks = 3, completed tasks = 7071]
2026-07-23T21:49:57.646-05:00 DEBUG 44112 --- [conteo-electoral] [nio-8081-exec-8] o.s.security.web.FilterChainProxy        : Securing OPTIONS /api/listas-electorales/1
2026-07-23T21:49:57.650-05:00 DEBUG 44112 --- [conteo-electoral] [nio-8081-exec-4] o.s.security.web.FilterChainProxy        : Securing GET /api/listas-electorales/1
2026-07-23T21:49:57.659-05:00 DEBUG 44112 --- [conteo-electoral] [nio-8081-exec-4] o.s.security.web.FilterChainProxy        : Secured GET /api/listas-electorales/1
2026-07-23T21:50:34.105-05:00 DEBUG 44112 --- [conteo-electoral] [io-8081-exec-10] o.s.security.web.FilterChainProxy        : Securing OPTIONS /api/reglas-negocio
2026-07-23T21:50:34.105-05:00 DEBUG 44112 --- [conteo-electoral] [nio-8081-exec-5] o.s.security.web.FilterChainProxy        : Securing OPTIONS /api/reglas-negocio/tipos
2026-07-23T21:50:34.105-05:00 DEBUG 44112 --- [conteo-electoral] [nio-8081-exec-6] o.s.security.web.FilterChainProxy        : Securing OPTIONS /api/reglas-negocio/modulos
2026-07-23T21:50:34.107-05:00 DEBUG 44112 --- [conteo-electoral] [nio-8081-exec-2] o.s.security.web.FilterChainProxy        : Securing GET /api/reglas-negocio/tipos
2026-07-23T21:50:34.107-05:00 DEBUG 44112 --- [conteo-electoral] [nio-8081-exec-3] o.s.security.web.FilterChainProxy        : Securing GET /api/reglas-negocio
2026-07-23T21:50:34.107-05:00 DEBUG 44112 --- [conteo-electoral] [nio-8081-exec-9] o.s.security.web.FilterChainProxy        : Securing GET /api/reglas-negocio/modulos
2026-07-23T21:50:34.115-05:00 DEBUG 44112 --- [conteo-electoral] [nio-8081-exec-3] o.s.security.web.FilterChainProxy        : Secured GET /api/reglas-negocio
2026-07-23T21:50:34.115-05:00 DEBUG 44112 --- [conteo-electoral] [nio-8081-exec-2] o.s.security.web.FilterChainProxy        : Secured GET /api/reglas-negocio/tipos
2026-07-23T21:50:34.115-05:00 DEBUG 44112 --- [conteo-electoral] [nio-8081-exec-9] o.s.security.web.FilterChainProxy        : Secured GET /api/reglas-negocio/modulos
2026-07-23T21:50:41.178-05:00 DEBUG 44112 --- [conteo-electoral] [nio-8081-exec-1] o.s.security.web.FilterChainProxy        : Securing GET /api/auth/me
2026-07-23T21:50:41.189-05:00 DEBUG 44112 --- [conteo-electoral] [nio-8081-exec-1] o.s.security.web.FilterChainProxy        : Secured GET /api/auth/me
2026-07-23T21:50:41.214-05:00 DEBUG 44112 --- [conteo-electoral] [nio-8081-exec-7] o.s.security.web.FilterChainProxy        : Securing GET /api/reglas-negocio/modulos
2026-07-23T21:50:41.214-05:00 DEBUG 44112 --- [conteo-electoral] [nio-8081-exec-8] o.s.security.web.FilterChainProxy        : Securing GET /api/reglas-negocio/tipos
2026-07-23T21:50:41.214-05:00 DEBUG 44112 --- [conteo-electoral] [nio-8081-exec-4] o.s.security.web.FilterChainProxy        : Securing GET /api/reglas-negocio
2026-07-23T21:50:41.222-05:00 DEBUG 44112 --- [conteo-electoral] [nio-8081-exec-8] o.s.security.web.FilterChainProxy        : Secured GET /api/reglas-negocio/tipos
2026-07-23T21:50:41.222-05:00 DEBUG 44112 --- [conteo-electoral] [nio-8081-exec-4] o.s.security.web.FilterChainProxy        : Secured GET /api/reglas-negocio
2026-07-23T21:50:41.222-05:00 DEBUG 44112 --- [conteo-electoral] [nio-8081-exec-7] o.s.security.web.FilterChainProxy        : Secured GET /api/reglas-negocio/modulos
2026-07-23T22:11:26.853-05:00  INFO 44112 --- [conteo-electoral] [essageBroker-12] o.s.w.s.c.WebSocketMessageBrokerStats    : WebSocketSession[2 current WS(2)-HttpStream(0)-HttpPoll(0), 18 total, 0 closed abnormally (0 connect failure, 0 send limit, 0 transport error)], stompSubProtocol[processed CONNECT(18)-CONNECTED(18)-DISCONNECT(0)], stompBrokerRelay[null], inboundChannel[pool size = 0, active threads = 0, queued tasks = 0, completed tasks = 153], outboundChannel[pool size = 0, active threads = 0, queued tasks = 0, completed tasks = 35], sockJsScheduler[pool size = 32, active threads = 1, queued tasks = 3, completed tasks = 7576]
2026-07-23T22:41:26.867-05:00  INFO 44112 --- [conteo-electoral] [essageBroker-10] o.s.w.s.c.WebSocketMessageBrokerStats    : WebSocketSession[2 current WS(2)-HttpStream(0)-HttpPoll(0), 18 total, 0 closed abnormally (0 connect failure, 0 send limit, 0 transport error)], stompSubProtocol[processed CONNECT(18)-CONNECTED(18)-DISCONNECT(0)], stompBrokerRelay[null], inboundChannel[pool size = 0, active threads = 0, queued tasks = 0, completed tasks = 153], outboundChannel[pool size = 0, active threads = 0, queued tasks = 0, completed tasks = 35], sockJsScheduler[pool size = 32, active threads = 1, queued tasks = 3, completed tasks = 8081]
2026-07-23T23:11:26.885-05:00  INFO 44112 --- [conteo-electoral] [essageBroker-21] o.s.w.s.c.WebSocketMessageBrokerStats    : WebSocketSession[2 current WS(2)-HttpStream(0)-HttpPoll(0), 18 total, 0 closed abnormally (0 connect failure, 0 send limit, 0 transport error)], stompSubProtocol[processed CONNECT(18)-CONNECTED(18)-DISCONNECT(0)], stompBrokerRelay[null], inboundChannel[pool size = 0, active threads = 0, queued tasks = 0, completed tasks = 153], outboundChannel[pool size = 0, active threads = 0, queued tasks = 0, completed tasks = 35], sockJsScheduler[pool size = 32, active threads = 1, queued tasks = 3, completed tasks = 8585]
2026-07-23T23:41:26.899-05:00  INFO 44112 --- [conteo-electoral] [essageBroker-29] o.s.w.s.c.WebSocketMessageBrokerStats    : WebSocketSession[2 current WS(2)-HttpStream(0)-HttpPoll(0), 18 total, 0 closed abnormally (0 connect failure, 0 send limit, 0 transport error)], stompSubProtocol[processed CONNECT(18)-CONNECTED(18)-DISCONNECT(0)], stompBrokerRelay[null], inboundChannel[pool size = 0, active threads = 0, queued tasks = 0, completed tasks = 153], outboundChannel[pool size = 0, active threads = 0, queued tasks = 0, completed tasks = 35], sockJsScheduler[pool size = 32, active threads = 1, queued tasks = 3, completed tasks = 9090]
2026-07-24T00:11:26.917-05:00  INFO 44112 --- [conteo-electoral] [essageBroker-11] o.s.w.s.c.WebSocketMessageBrokerStats    : WebSocketSession[2 current WS(2)-HttpStream(0)-HttpPoll(0), 18 total, 0 closed abnormally (0 connect failure, 0 send limit, 0 transport error)], stompSubProtocol[processed CONNECT(18)-CONNECTED(18)-DISCONNECT(0)], stompBrokerRelay[null], inboundChannel[pool size = 0, active threads = 0, queued tasks = 0, completed tasks = 153], outboundChannel[pool size = 0, active threads = 0, queued tasks = 0, completed tasks = 35], sockJsScheduler[pool size = 32, active threads = 1, queued tasks = 3, completed tasks = 9595]
2026-07-24T00:41:26.925-05:00  INFO 44112 --- [conteo-electoral] [essageBroker-24] o.s.w.s.c.WebSocketMessageBrokerStats    : WebSocketSession[2 current WS(2)-HttpStream(0)-HttpPoll(0), 18 total, 0 closed abnormally (0 connect failure, 0 send limit, 0 transport error)], stompSubProtocol[processed CONNECT(18)-CONNECTED(18)-DISCONNECT(0)], stompBrokerRelay[null], inboundChannel[pool size = 0, active threads = 0, queued tasks = 0, completed tasks = 153], outboundChannel[pool size = 0, active threads = 0, queued tasks = 0, completed tasks = 35], sockJsScheduler[pool size = 32, active threads = 1, queued tasks = 3, completed tasks = 10100]
2026-07-24T01:11:26.935-05:00  INFO 44112 --- [conteo-electoral] [essageBroker-17] o.s.w.s.c.WebSocketMessageBrokerStats    : WebSocketSession[2 current WS(2)-HttpStream(0)-HttpPoll(0), 18 total, 0 closed abnormally (0 connect failure, 0 send limit, 0 transport error)], stompSubProtocol[processed CONNECT(18)-CONNECTED(18)-DISCONNECT(0)], stompBrokerRelay[null], inboundChannel[pool size = 0, active threads = 0, queued tasks = 0, completed tasks = 153], outboundChannel[pool size = 0, active threads = 0, queued tasks = 0, completed tasks = 35], sockJsScheduler[pool size = 32, active threads = 1, queued tasks = 3, completed tasks = 10605]
2026-07-24T01:41:26.943-05:00  INFO 44112 --- [conteo-electoral] [MessageBroker-8] o.s.w.s.c.WebSocketMessageBrokerStats    : WebSocketSession[2 current WS(2)-HttpStream(0)-HttpPoll(0), 18 total, 0 closed abnormally (0 connect failure, 0 send limit, 0 transport error)], stompSubProtocol[processed CONNECT(18)-CONNECTED(18)-DISCONNECT(0)], stompBrokerRelay[null], inboundChannel[pool size = 0, active threads = 0, queued tasks = 0, completed tasks = 153], outboundChannel[pool size = 0, active threads = 0, queued tasks = 0, completed tasks = 35], sockJsScheduler[pool size = 32, active threads = 1, queued tasks = 3, completed tasks = 11110]
2026-07-24T02:11:26.958-05:00  INFO 44112 --- [conteo-electoral] [essageBroker-28] o.s.w.s.c.WebSocketMessageBrokerStats    : WebSocketSession[2 current WS(2)-HttpStream(0)-HttpPoll(0), 18 total, 0 closed abnormally (0 connect failure, 0 send limit, 0 transport error)], stompSubProtocol[processed CONNECT(18)-CONNECTED(18)-DISCONNECT(0)], stompBrokerRelay[null], inboundChannel[pool size = 0, active threads = 0, queued tasks = 0, completed tasks = 153], outboundChannel[pool size = 0, active threads = 0, queued tasks = 0, completed tasks = 35], sockJsScheduler[pool size = 32, active threads = 1, queued tasks = 3, completed tasks = 11615]
2026-07-24T02:41:26.960-05:00  INFO 44112 --- [conteo-electoral] [essageBroker-14] o.s.w.s.c.WebSocketMessageBrokerStats    : WebSocketSession[2 current WS(2)-HttpStream(0)-HttpPoll(0), 18 total, 0 closed abnormally (0 connect failure, 0 send limit, 0 transport error)], stompSubProtocol[processed CONNECT(18)-CONNECTED(18)-DISCONNECT(0)], stompBrokerRelay[null], inboundChannel[pool size = 0, active threads = 0, queued tasks = 0, completed tasks = 153], outboundChannel[pool size = 0, active threads = 0, queued tasks = 0, completed tasks = 35], sockJsScheduler[pool size = 32, active threads = 1, queued tasks = 3, completed tasks = 12120]
2026-07-24T03:11:26.965-05:00  INFO 44112 --- [conteo-electoral] [essageBroker-29] o.s.w.s.c.WebSocketMessageBrokerStats    : WebSocketSession[2 current WS(2)-HttpStream(0)-HttpPoll(0), 18 total, 0 closed abnormally (0 connect failure, 0 send limit, 0 transport error)], stompSubProtocol[processed CONNECT(18)-CONNECTED(18)-DISCONNECT(0)], stompBrokerRelay[null], inboundChannel[pool size = 0, active threads = 0, queued tasks = 0, completed tasks = 153], outboundChannel[pool size = 0, active threads = 0, queued tasks = 0, completed tasks = 35], sockJsScheduler[pool size = 32, active threads = 1, queued tasks = 3, completed tasks = 12625]
2026-07-24T03:41:26.971-05:00  INFO 44112 --- [conteo-electoral] [essageBroker-31] o.s.w.s.c.WebSocketMessageBrokerStats    : WebSocketSession[2 current WS(2)-HttpStream(0)-HttpPoll(0), 18 total, 0 closed abnormally (0 connect failure, 0 send limit, 0 transport error)], stompSubProtocol[processed CONNECT(18)-CONNECTED(18)-DISCONNECT(0)], stompBrokerRelay[null], inboundChannel[pool size = 0, active threads = 0, queued tasks = 0, completed tasks = 153], outboundChannel[pool size = 0, active threads = 0, queued tasks = 0, completed tasks = 35], sockJsScheduler[pool size = 32, active threads = 1, queued tasks = 3, completed tasks = 13130]
2026-07-24T04:11:26.978-05:00  INFO 44112 --- [conteo-electoral] [essageBroker-31] o.s.w.s.c.WebSocketMessageBrokerStats    : WebSocketSession[2 current WS(2)-HttpStream(0)-HttpPoll(0), 18 total, 0 closed abnormally (0 connect failure, 0 send limit, 0 transport error)], stompSubProtocol[processed CONNECT(18)-CONNECTED(18)-DISCONNECT(0)], stompBrokerRelay[null], inboundChannel[pool size = 0, active threads = 0, queued tasks = 0, completed tasks = 153], outboundChannel[pool size = 0, active threads = 0, queued tasks = 0, completed tasks = 35], sockJsScheduler[pool size = 32, active threads = 1, queued tasks = 3, completed tasks = 13635]
2026-07-24T04:41:26.996-05:00  INFO 44112 --- [conteo-electoral] [essageBroker-15] o.s.w.s.c.WebSocketMessageBrokerStats    : WebSocketSession[2 current WS(2)-HttpStream(0)-HttpPoll(0), 18 total, 0 closed abnormally (0 connect failure, 0 send limit, 0 transport error)], stompSubProtocol[processed CONNECT(18)-CONNECTED(18)-DISCONNECT(0)], stompBrokerRelay[null], inboundChannel[pool size = 0, active threads = 0, queued tasks = 0, completed tasks = 153], outboundChannel[pool size = 0, active threads = 0, queued tasks = 0, completed tasks = 35], sockJsScheduler[pool size = 32, active threads = 1, queued tasks = 3, completed tasks = 14140]
2026-07-24T05:11:27.003-05:00  INFO 44112 --- [conteo-electoral] [essageBroker-11] o.s.w.s.c.WebSocketMessageBrokerStats    : WebSocketSession[2 current WS(2)-HttpStream(0)-HttpPoll(0), 18 total, 0 closed abnormally (0 connect failure, 0 send limit, 0 transport error)], stompSubProtocol[processed CONNECT(18)-CONNECTED(18)-DISCONNECT(0)], stompBrokerRelay[null], inboundChannel[pool size = 0, active threads = 0, queued tasks = 0, completed tasks = 153], outboundChannel[pool size = 0, active threads = 0, queued tasks = 0, completed tasks = 35], sockJsScheduler[pool size = 32, active threads = 1, queued tasks = 3, completed tasks = 14645]
2026-07-24T05:41:27.020-05:00  INFO 44112 --- [conteo-electoral] [essageBroker-14] o.s.w.s.c.WebSocketMessageBrokerStats    : WebSocketSession[2 current WS(2)-HttpStream(0)-HttpPoll(0), 18 total, 0 closed abnormally (0 connect failure, 0 send limit, 0 transport error)], stompSubProtocol[processed CONNECT(18)-CONNECTED(18)-DISCONNECT(0)], stompBrokerRelay[null], inboundChannel[pool size = 0, active threads = 0, queued tasks = 0, completed tasks = 153], outboundChannel[pool size = 0, active threads = 0, queued tasks = 0, completed tasks = 35], sockJsScheduler[pool size = 32, active threads = 1, queued tasks = 3, completed tasks = 15150]
2026-07-24T06:11:27.027-05:00  INFO 44112 --- [conteo-electoral] [essageBroker-30] o.s.w.s.c.WebSocketMessageBrokerStats    : WebSocketSession[2 current WS(2)-HttpStream(0)-HttpPoll(0), 18 total, 0 closed abnormally (0 connect failure, 0 send limit, 0 transport error)], stompSubProtocol[processed CONNECT(18)-CONNECTED(18)-DISCONNECT(0)], stompBrokerRelay[null], inboundChannel[pool size = 0, active threads = 0, queued tasks = 0, completed tasks = 153], outboundChannel[pool size = 0, active threads = 0, queued tasks = 0, completed tasks = 35], sockJsScheduler[pool size = 32, active threads = 1, queued tasks = 3, completed tasks = 15655]
2026-07-24T06:41:27.030-05:00  INFO 44112 --- [conteo-electoral] [MessageBroker-1] o.s.w.s.c.WebSocketMessageBrokerStats    : WebSocketSession[2 current WS(2)-HttpStream(0)-HttpPoll(0), 18 total, 0 closed abnormally (0 connect failure, 0 send limit, 0 transport error)], stompSubProtocol[processed CONNECT(18)-CONNECTED(18)-DISCONNECT(0)], stompBrokerRelay[null], inboundChannel[pool size = 0, active threads = 0, queued tasks = 0, completed tasks = 153], outboundChannel[pool size = 0, active threads = 0, queued tasks = 0, completed tasks = 35], sockJsScheduler[pool size = 32, active threads = 1, queued tasks = 3, completed tasks = 16160]
2026-07-24T07:11:27.045-05:00  INFO 44112 --- [conteo-electoral] [MessageBroker-7] o.s.w.s.c.WebSocketMessageBrokerStats    : WebSocketSession[2 current WS(2)-HttpStream(0)-HttpPoll(0), 18 total, 0 closed abnormally (0 connect failure, 0 send limit, 0 transport error)], stompSubProtocol[processed CONNECT(18)-CONNECTED(18)-DISCONNECT(0)], stompBrokerRelay[null], inboundChannel[pool size = 0, active threads = 0, queued tasks = 0, completed tasks = 153], outboundChannel[pool size = 0, active threads = 0, queued tasks = 0, completed tasks = 35], sockJsScheduler[pool size = 32, active threads = 1, queued tasks = 3, completed tasks = 16665]
2026-07-24T07:41:27.057-05:00  INFO 44112 --- [conteo-electoral] [MessageBroker-5] o.s.w.s.c.WebSocketMessageBrokerStats    : WebSocketSession[2 current WS(2)-HttpStream(0)-HttpPoll(0), 18 total, 0 closed abnormally (0 connect failure, 0 send limit, 0 transport error)], stompSubProtocol[processed CONNECT(18)-CONNECTED(18)-DISCONNECT(0)], stompBrokerRelay[null], inboundChannel[pool size = 0, active threads = 0, queued tasks = 0, completed tasks = 153], outboundChannel[pool size = 0, active threads = 0, queued tasks = 0, completed tasks = 35], sockJsScheduler[pool size = 32, active threads = 1, queued tasks = 3, completed tasks = 17170]
2026-07-24T08:09:13.134-05:00 DEBUG 44112 --- [conteo-electoral] [nio-8081-exec-2] o.s.security.web.FilterChainProxy        : Securing OPTIONS /api/auth/me
2026-07-24T08:09:13.138-05:00 DEBUG 44112 --- [conteo-electoral] [nio-8081-exec-3] o.s.security.web.FilterChainProxy        : Securing GET /api/auth/me
2026-07-24T08:09:13.153-05:00 DEBUG 44112 --- [conteo-electoral] [nio-8081-exec-3] o.s.security.web.FilterChainProxy        : Secured GET /api/auth/me
2026-07-24T08:09:13.179-05:00 DEBUG 44112 --- [conteo-electoral] [nio-8081-exec-1] o.s.security.web.FilterChainProxy        : Securing OPTIONS /api/reglas-negocio/modulos
2026-07-24T08:09:13.179-05:00 DEBUG 44112 --- [conteo-electoral] [nio-8081-exec-8] o.s.security.web.FilterChainProxy        : Securing OPTIONS /api/reglas-negocio/tipos
2026-07-24T08:09:13.180-05:00 DEBUG 44112 --- [conteo-electoral] [nio-8081-exec-7] o.s.security.web.FilterChainProxy        : Securing OPTIONS /api/reglas-negocio
2026-07-24T08:09:13.180-05:00 DEBUG 44112 --- [conteo-electoral] [nio-8081-exec-4] o.s.security.web.FilterChainProxy        : Securing GET /api/reglas-negocio/modulos
2026-07-24T08:09:13.181-05:00 DEBUG 44112 --- [conteo-electoral] [io-8081-exec-10] o.s.security.web.FilterChainProxy        : Securing GET /api/reglas-negocio/tipos
2026-07-24T08:09:13.181-05:00 DEBUG 44112 --- [conteo-electoral] [nio-8081-exec-6] o.s.security.web.FilterChainProxy        : Securing GET /api/reglas-negocio
2026-07-24T08:09:13.185-05:00 DEBUG 44112 --- [conteo-electoral] [nio-8081-exec-4] o.s.security.web.FilterChainProxy        : Secured GET /api/reglas-negocio/modulos
2026-07-24T08:09:13.189-05:00 DEBUG 44112 --- [conteo-electoral] [nio-8081-exec-6] o.s.security.web.FilterChainProxy        : Secured GET /api/reglas-negocio
2026-07-24T08:09:13.191-05:00 DEBUG 44112 --- [conteo-electoral] [io-8081-exec-10] o.s.security.web.FilterChainProxy        : Secured GET /api/reglas-negocio/tipos
2026-07-24T08:11:27.062-05:00  INFO 44112 --- [conteo-electoral] [essageBroker-11] o.s.w.s.c.WebSocketMessageBrokerStats    : WebSocketSession[2 current WS(2)-HttpStream(0)-HttpPoll(0), 18 total, 0 closed abnormally (0 connect failure, 0 send limit, 0 transport error)], stompSubProtocol[processed CONNECT(18)-CONNECTED(18)-DISCONNECT(0)], stompBrokerRelay[null], inboundChannel[pool size = 0, active threads = 0, queued tasks = 0, completed tasks = 153], outboundChannel[pool size = 0, active threads = 0, queued tasks = 0, completed tasks = 35], sockJsScheduler[pool size = 32, active threads = 1, queued tasks = 3, completed tasks = 17675]
2026-07-24T08:41:27.075-05:00  INFO 44112 --- [conteo-electoral] [essageBroker-29] o.s.w.s.c.WebSocketMessageBrokerStats    : WebSocketSession[2 current WS(2)-HttpStream(0)-HttpPoll(0), 18 total, 0 closed abnormally (0 connect failure, 0 send limit, 0 transport error)], stompSubProtocol[processed CONNECT(18)-CONNECTED(18)-DISCONNECT(0)], stompBrokerRelay[null], inboundChannel[pool size = 0, active threads = 0, queued tasks = 0, completed tasks = 153], outboundChannel[pool size = 0, active threads = 0, queued tasks = 0, completed tasks = 35], sockJsScheduler[pool size = 32, active threads = 1, queued tasks = 3, completed tasks = 18180]
2026-07-24T09:11:27.085-05:00  INFO 44112 --- [conteo-electoral] [essageBroker-11] o.s.w.s.c.WebSocketMessageBrokerStats    : WebSocketSession[1 current WS(1)-HttpStream(0)-HttpPoll(0), 18 total, 0 closed abnormally (0 connect failure, 0 send limit, 0 transport error)], stompSubProtocol[processed CONNECT(18)-CONNECTED(18)-DISCONNECT(0)], stompBrokerRelay[null], inboundChannel[pool size = 0, active threads = 0, queued tasks = 0, completed tasks = 156], outboundChannel[pool size = 0, active threads = 0, queued tasks = 0, completed tasks = 36], sockJsScheduler[pool size = 32, active threads = 1, queued tasks = 2, completed tasks = 18624]
2026-07-24T09:41:27.103-05:00  INFO 44112 --- [conteo-electoral] [essageBroker-32] o.s.w.s.c.WebSocketMessageBrokerStats    : WebSocketSession[1 current WS(1)-HttpStream(0)-HttpPoll(0), 18 total, 0 closed abnormally (0 connect failure, 0 send limit, 0 transport error)], stompSubProtocol[processed CONNECT(18)-CONNECTED(18)-DISCONNECT(0)], stompBrokerRelay[null], inboundChannel[pool size = 0, active threads = 0, queued tasks = 0, completed tasks = 156], outboundChannel[pool size = 0, active threads = 0, queued tasks = 0, completed tasks = 36], sockJsScheduler[pool size = 32, active threads = 1, queued tasks = 2, completed tasks = 19057]
2026-07-24T10:11:27.115-05:00  INFO 44112 --- [conteo-electoral] [essageBroker-18] o.s.w.s.c.WebSocketMessageBrokerStats    : WebSocketSession[1 current WS(1)-HttpStream(0)-HttpPoll(0), 18 total, 0 closed abnormally (0 connect failure, 0 send limit, 0 transport error)], stompSubProtocol[processed CONNECT(18)-CONNECTED(18)-DISCONNECT(0)], stompBrokerRelay[null], inboundChannel[pool size = 0, active threads = 0, queued tasks = 0, completed tasks = 156], outboundChannel[pool size = 0, active threads = 0, queued tasks = 0, completed tasks = 36], sockJsScheduler[pool size = 32, active threads = 1, queued tasks = 2, completed tasks = 19490]
2026-07-24T10:41:27.123-05:00  INFO 44112 --- [conteo-electoral] [essageBroker-24] o.s.w.s.c.WebSocketMessageBrokerStats    : WebSocketSession[1 current WS(1)-HttpStream(0)-HttpPoll(0), 18 total, 0 closed abnormally (0 connect failure, 0 send limit, 0 transport error)], stompSubProtocol[processed CONNECT(18)-CONNECTED(18)-DISCONNECT(0)], stompBrokerRelay[null], inboundChannel[pool size = 0, active threads = 0, queued tasks = 0, completed tasks = 156], outboundChannel[pool size = 0, active threads = 0, queued tasks = 0, completed tasks = 36], sockJsScheduler[pool size = 32, active threads = 1, queued tasks = 2, completed tasks = 19923]
2026-07-24T11:11:27.125-05:00  INFO 44112 --- [conteo-electoral] [essageBroker-32] o.s.w.s.c.WebSocketMessageBrokerStats    : WebSocketSession[1 current WS(1)-HttpStream(0)-HttpPoll(0), 18 total, 0 closed abnormally (0 connect failure, 0 send limit, 0 transport error)], stompSubProtocol[processed CONNECT(18)-CONNECTED(18)-DISCONNECT(0)], stompBrokerRelay[null], inboundChannel[pool size = 0, active threads = 0, queued tasks = 0, completed tasks = 156], outboundChannel[pool size = 0, active threads = 0, queued tasks = 0, completed tasks = 36], sockJsScheduler[pool size = 32, active threads = 1, queued tasks = 2, completed tasks = 20356]
2026-07-24T11:41:27.141-05:00  INFO 44112 --- [conteo-electoral] [essageBroker-13] o.s.w.s.c.WebSocketMessageBrokerStats    : WebSocketSession[1 current WS(1)-HttpStream(0)-HttpPoll(0), 18 total, 0 closed abnormally (0 connect failure, 0 send limit, 0 transport error)], stompSubProtocol[processed CONNECT(18)-CONNECTED(18)-DISCONNECT(0)], stompBrokerRelay[null], inboundChannel[pool size = 0, active threads = 0, queued tasks = 0, completed tasks = 156], outboundChannel[pool size = 0, active threads = 0, queued tasks = 0, completed tasks = 36], sockJsScheduler[pool size = 32, active threads = 1, queued tasks = 2, completed tasks = 20789]
2026-07-24T12:11:27.145-05:00  INFO 44112 --- [conteo-electoral] [MessageBroker-8] o.s.w.s.c.WebSocketMessageBrokerStats    : WebSocketSession[1 current WS(1)-HttpStream(0)-HttpPoll(0), 18 total, 0 closed abnormally (0 connect failure, 0 send limit, 0 transport error)], stompSubProtocol[processed CONNECT(18)-CONNECTED(18)-DISCONNECT(0)], stompBrokerRelay[null], inboundChannel[pool size = 0, active threads = 0, queued tasks = 0, completed tasks = 156], outboundChannel[pool size = 0, active threads = 0, queued tasks = 0, completed tasks = 36], sockJsScheduler[pool size = 32, active threads = 1, queued tasks = 2, completed tasks = 21222]
2026-07-24T12:41:27.157-05:00  INFO 44112 --- [conteo-electoral] [essageBroker-16] o.s.w.s.c.WebSocketMessageBrokerStats    : WebSocketSession[1 current WS(1)-HttpStream(0)-HttpPoll(0), 18 total, 0 closed abnormally (0 connect failure, 0 send limit, 0 transport error)], stompSubProtocol[processed CONNECT(18)-CONNECTED(18)-DISCONNECT(0)], stompBrokerRelay[null], inboundChannel[pool size = 0, active threads = 0, queued tasks = 0, completed tasks = 156], outboundChannel[pool size = 0, active threads = 0, queued tasks = 0, completed tasks = 36], sockJsScheduler[pool size = 32, active threads = 1, queued tasks = 2, completed tasks = 21655]
2026-07-24T13:11:27.163-05:00  INFO 44112 --- [conteo-electoral] [MessageBroker-8] o.s.w.s.c.WebSocketMessageBrokerStats    : WebSocketSession[1 current WS(1)-HttpStream(0)-HttpPoll(0), 18 total, 0 closed abnormally (0 connect failure, 0 send limit, 0 transport error)], stompSubProtocol[processed CONNECT(18)-CONNECTED(18)-DISCONNECT(0)], stompBrokerRelay[null], inboundChannel[pool size = 0, active threads = 0, queued tasks = 0, completed tasks = 156], outboundChannel[pool size = 0, active threads = 0, queued tasks = 0, completed tasks = 36], sockJsScheduler[pool size = 32, active threads = 1, queued tasks = 2, completed tasks = 22088]
2026-07-24T13:41:27.177-05:00  INFO 44112 --- [conteo-electoral] [MessageBroker-5] o.s.w.s.c.WebSocketMessageBrokerStats    : WebSocketSession[0 current WS(0)-HttpStream(0)-HttpPoll(0), 18 total, 0 closed abnormally (0 connect failure, 0 send limit, 0 transport error)], stompSubProtocol[processed CONNECT(18)-CONNECTED(18)-DISCONNECT(0)], stompBrokerRelay[null], inboundChannel[pool size = 0, active threads = 0, queued tasks = 0, completed tasks = 159], outboundChannel[pool size = 0, active threads = 0, queued tasks = 0, completed tasks = 37], sockJsScheduler[pool size = 32, active threads = 1, queued tasks = 1, completed tasks = 22515]
2026-07-24T14:11:27.194-05:00  INFO 44112 --- [conteo-electoral] [essageBroker-27] o.s.w.s.c.WebSocketMessageBrokerStats    : WebSocketSession[0 current WS(0)-HttpStream(0)-HttpPoll(0), 18 total, 0 closed abnormally (0 connect failure, 0 send limit, 0 transport error)], stompSubProtocol[processed CONNECT(18)-CONNECTED(18)-DISCONNECT(0)], stompBrokerRelay[null], inboundChannel[pool size = 0, active threads = 0, queued tasks = 0, completed tasks = 159], outboundChannel[pool size = 0, active threads = 0, queued tasks = 0, completed tasks = 37], sockJsScheduler[pool size = 32, active threads = 1, queued tasks = 1, completed tasks = 22876]
2026-07-24T14:41:27.198-05:00  INFO 44112 --- [conteo-electoral] [essageBroker-16] o.s.w.s.c.WebSocketMessageBrokerStats    : WebSocketSession[0 current WS(0)-HttpStream(0)-HttpPoll(0), 18 total, 0 closed abnormally (0 connect failure, 0 send limit, 0 transport error)], stompSubProtocol[processed CONNECT(18)-CONNECTED(18)-DISCONNECT(0)], stompBrokerRelay[null], inboundChannel[pool size = 0, active threads = 0, queued tasks = 0, completed tasks = 159], outboundChannel[pool size = 0, active threads = 0, queued tasks = 0, completed tasks = 37], sockJsScheduler[pool size = 32, active threads = 1, queued tasks = 1, completed tasks = 23237]
2026-07-24T15:11:27.205-05:00  INFO 44112 --- [conteo-electoral] [essageBroker-21] o.s.w.s.c.WebSocketMessageBrokerStats    : WebSocketSession[0 current WS(0)-HttpStream(0)-HttpPoll(0), 18 total, 0 closed abnormally (0 connect failure, 0 send limit, 0 transport error)], stompSubProtocol[processed CONNECT(18)-CONNECTED(18)-DISCONNECT(0)], stompBrokerRelay[null], inboundChannel[pool size = 0, active threads = 0, queued tasks = 0, completed tasks = 159], outboundChannel[pool size = 0, active threads = 0, queued tasks = 0, completed tasks = 37], sockJsScheduler[pool size = 32, active threads = 1, queued tasks = 1, completed tasks = 23598]
2026-07-24T15:41:27.216-05:00  INFO 44112 --- [conteo-electoral] [essageBroker-15] o.s.w.s.c.WebSocketMessageBrokerStats    : WebSocketSession[0 current WS(0)-HttpStream(0)-HttpPoll(0), 18 total, 0 closed abnormally (0 connect failure, 0 send limit, 0 transport error)], stompSubProtocol[processed CONNECT(18)-CONNECTED(18)-DISCONNECT(0)], stompBrokerRelay[null], inboundChannel[pool size = 0, active threads = 0, queued tasks = 0, completed tasks = 159], outboundChannel[pool size = 0, active threads = 0, queued tasks = 0, completed tasks = 37], sockJsScheduler[pool size = 32, active threads = 1, queued tasks = 1, completed tasks = 23959]
2026-07-24T16:11:27.232-05:00  INFO 44112 --- [conteo-electoral] [essageBroker-15] o.s.w.s.c.WebSocketMessageBrokerStats    : WebSocketSession[0 current WS(0)-HttpStream(0)-HttpPoll(0), 18 total, 0 closed abnormally (0 connect failure, 0 send limit, 0 transport error)], stompSubProtocol[processed CONNECT(18)-CONNECTED(18)-DISCONNECT(0)], stompBrokerRelay[null], inboundChannel[pool size = 0, active threads = 0, queued tasks = 0, completed tasks = 159], outboundChannel[pool size = 0, active threads = 0, queued tasks = 0, completed tasks = 37], sockJsScheduler[pool size = 32, active threads = 1, queued tasks = 1, completed tasks = 24320]
2026-07-24T16:41:27.239-05:00  INFO 44112 --- [conteo-electoral] [essageBroker-22] o.s.w.s.c.WebSocketMessageBrokerStats    : WebSocketSession[0 current WS(0)-HttpStream(0)-HttpPoll(0), 18 total, 0 closed abnormally (0 connect failure, 0 send limit, 0 transport error)], stompSubProtocol[processed CONNECT(18)-CONNECTED(18)-DISCONNECT(0)], stompBrokerRelay[null], inboundChannel[pool size = 0, active threads = 0, queued tasks = 0, completed tasks = 159], outboundChannel[pool size = 0, active threads = 0, queued tasks = 0, completed tasks = 37], sockJsScheduler[pool size = 32, active threads = 1, queued tasks = 1, completed tasks = 24681]
2026-07-24T17:11:27.255-05:00  INFO 44112 --- [conteo-electoral] [essageBroker-32] o.s.w.s.c.WebSocketMessageBrokerStats    : WebSocketSession[0 current WS(0)-HttpStream(0)-HttpPoll(0), 18 total, 0 closed abnormally (0 connect failure, 0 send limit, 0 transport error)], stompSubProtocol[processed CONNECT(18)-CONNECTED(18)-DISCONNECT(0)], stompBrokerRelay[null], inboundChannel[pool size = 0, active threads = 0, queued tasks = 0, completed tasks = 159], outboundChannel[pool size = 0, active threads = 0, queued tasks = 0, completed tasks = 37], sockJsScheduler[pool size = 32, active threads = 1, queued tasks = 1, completed tasks = 25042]
2026-07-24T17:41:27.270-05:00  INFO 44112 --- [conteo-electoral] [essageBroker-24] o.s.w.s.c.WebSocketMessageBrokerStats    : WebSocketSession[0 current WS(0)-HttpStream(0)-HttpPoll(0), 18 total, 0 closed abnormally (0 connect failure, 0 send limit, 0 transport error)], stompSubProtocol[processed CONNECT(18)-CONNECTED(18)-DISCONNECT(0)], stompBrokerRelay[null], inboundChannel[pool size = 0, active threads = 0, queued tasks = 0, completed tasks = 159], outboundChannel[pool size = 0, active threads = 0, queued tasks = 0, completed tasks = 37], sockJsScheduler[pool size = 32, active threads = 1, queued tasks = 1, completed tasks = 25403]
2026-07-24T18:11:27.289-05:00  INFO 44112 --- [conteo-electoral] [MessageBroker-6] o.s.w.s.c.WebSocketMessageBrokerStats    : WebSocketSession[0 current WS(0)-HttpStream(0)-HttpPoll(0), 18 total, 0 closed abnormally (0 connect failure, 0 send limit, 0 transport error)], stompSubProtocol[processed CONNECT(18)-CONNECTED(18)-DISCONNECT(0)], stompBrokerRelay[null], inboundChannel[pool size = 0, active threads = 0, queued tasks = 0, completed tasks = 159], outboundChannel[pool size = 0, active threads = 0, queued tasks = 0, completed tasks = 37], sockJsScheduler[pool size = 32, active threads = 1, queued tasks = 1, completed tasks = 25764]
2026-07-24T18:41:27.308-05:00  INFO 44112 --- [conteo-electoral] [MessageBroker-7] o.s.w.s.c.WebSocketMessageBrokerStats    : WebSocketSession[0 current WS(0)-HttpStream(0)-HttpPoll(0), 18 total, 0 closed abnormally (0 connect failure, 0 send limit, 0 transport error)], stompSubProtocol[processed CONNECT(18)-CONNECTED(18)-DISCONNECT(0)], stompBrokerRelay[null], inboundChannel[pool size = 0, active threads = 0, queued tasks = 0, completed tasks = 159], outboundChannel[pool size = 0, active threads = 0, queued tasks = 0, completed tasks = 37], sockJsScheduler[pool size = 32, active threads = 1, queued tasks = 1, completed tasks = 26125]
2026-07-24T19:11:27.318-05:00  INFO 44112 --- [conteo-electoral] [essageBroker-26] o.s.w.s.c.WebSocketMessageBrokerStats    : WebSocketSession[0 current WS(0)-HttpStream(0)-HttpPoll(0), 18 total, 0 closed abnormally (0 connect failure, 0 send limit, 0 transport error)], stompSubProtocol[processed CONNECT(18)-CONNECTED(18)-DISCONNECT(0)], stompBrokerRelay[null], inboundChannel[pool size = 0, active threads = 0, queued tasks = 0, completed tasks = 159], outboundChannel[pool size = 0, active threads = 0, queued tasks = 0, completed tasks = 37], sockJsScheduler[pool size = 32, active threads = 1, queued tasks = 1, completed tasks = 26486]
2026-07-24T19:41:27.334-05:00  INFO 44112 --- [conteo-electoral] [MessageBroker-4] o.s.w.s.c.WebSocketMessageBrokerStats    : WebSocketSession[0 current WS(0)-HttpStream(0)-HttpPoll(0), 18 total, 0 closed abnormally (0 connect failure, 0 send limit, 0 transport error)], stompSubProtocol[processed CONNECT(18)-CONNECTED(18)-DISCONNECT(0)], stompBrokerRelay[null], inboundChannel[pool size = 0, active threads = 0, queued tasks = 0, completed tasks = 159], outboundChannel[pool size = 0, active threads = 0, queued tasks = 0, completed tasks = 37], sockJsScheduler[pool size = 32, active threads = 1, queued tasks = 1, completed tasks = 26847]
2026-07-24T20:11:27.346-05:00  INFO 44112 --- [conteo-electoral] [MessageBroker-6] o.s.w.s.c.WebSocketMessageBrokerStats    : WebSocketSession[0 current WS(0)-HttpStream(0)-HttpPoll(0), 18 total, 0 closed abnormally (0 connect failure, 0 send limit, 0 transport error)], stompSubProtocol[processed CONNECT(18)-CONNECTED(18)-DISCONNECT(0)], stompBrokerRelay[null], inboundChannel[pool size = 0, active threads = 0, queued tasks = 0, completed tasks = 159], outboundChannel[pool size = 0, active threads = 0, queued tasks = 0, completed tasks = 37], sockJsScheduler[pool size = 32, active threads = 1, queued tasks = 1, completed tasks = 27208]
2026-07-24T20:41:27.359-05:00  INFO 44112 --- [conteo-electoral] [essageBroker-20] o.s.w.s.c.WebSocketMessageBrokerStats    : WebSocketSession[0 current WS(0)-HttpStream(0)-HttpPoll(0), 18 total, 0 closed abnormally (0 connect failure, 0 send limit, 0 transport error)], stompSubProtocol[processed CONNECT(18)-CONNECTED(18)-DISCONNECT(0)], stompBrokerRelay[null], inboundChannel[pool size = 0, active threads = 0, queued tasks = 0, completed tasks = 159], outboundChannel[pool size = 0, active threads = 0, queued tasks = 0, completed tasks = 37], sockJsScheduler[pool size = 32, active threads = 1, queued tasks = 1, completed tasks = 27569]
2026-07-24T21:11:27.375-05:00  INFO 44112 --- [conteo-electoral] [essageBroker-10] o.s.w.s.c.WebSocketMessageBrokerStats    : WebSocketSession[0 current WS(0)-HttpStream(0)-HttpPoll(0), 18 total, 0 closed abnormally (0 connect failure, 0 send limit, 0 transport error)], stompSubProtocol[processed CONNECT(18)-CONNECTED(18)-DISCONNECT(0)], stompBrokerRelay[null], inboundChannel[pool size = 0, active threads = 0, queued tasks = 0, completed tasks = 159], outboundChannel[pool size = 0, active threads = 0, queued tasks = 0, completed tasks = 37], sockJsScheduler[pool size = 32, active threads = 1, queued tasks = 1, completed tasks = 27930]
2026-07-24T21:41:27.381-05:00  INFO 44112 --- [conteo-electoral] [essageBroker-23] o.s.w.s.c.WebSocketMessageBrokerStats    : WebSocketSession[0 current WS(0)-HttpStream(0)-HttpPoll(0), 18 total, 0 closed abnormally (0 connect failure, 0 send limit, 0 transport error)], stompSubProtocol[processed CONNECT(18)-CONNECTED(18)-DISCONNECT(0)], stompBrokerRelay[null], inboundChannel[pool size = 0, active threads = 0, queued tasks = 0, completed tasks = 159], outboundChannel[pool size = 0, active threads = 0, queued tasks = 0, completed tasks = 37], sockJsScheduler[pool size = 32, active threads = 1, queued tasks = 1, completed tasks = 28291]
2026-07-24T22:11:27.396-05:00  INFO 44112 --- [conteo-electoral] [essageBroker-16] o.s.w.s.c.WebSocketMessageBrokerStats    : WebSocketSession[0 current WS(0)-HttpStream(0)-HttpPoll(0), 18 total, 0 closed abnormally (0 connect failure, 0 send limit, 0 transport error)], stompSubProtocol[processed CONNECT(18)-CONNECTED(18)-DISCONNECT(0)], stompBrokerRelay[null], inboundChannel[pool size = 0, active threads = 0, queued tasks = 0, completed tasks = 159], outboundChannel[pool size = 0, active threads = 0, queued tasks = 0, completed tasks = 37], sockJsScheduler[pool size = 32, active threads = 1, queued tasks = 1, completed tasks = 28652]
2026-07-24T22:41:27.399-05:00  INFO 44112 --- [conteo-electoral] [essageBroker-10] o.s.w.s.c.WebSocketMessageBrokerStats    : WebSocketSession[0 current WS(0)-HttpStream(0)-HttpPoll(0), 18 total, 0 closed abnormally (0 connect failure, 0 send limit, 0 transport error)], stompSubProtocol[processed CONNECT(18)-CONNECTED(18)-DISCONNECT(0)], stompBrokerRelay[null], inboundChannel[pool size = 0, active threads = 0, queued tasks = 0, completed tasks = 159], outboundChannel[pool size = 0, active threads = 0, queued tasks = 0, completed tasks = 37], sockJsScheduler[pool size = 32, active threads = 1, queued tasks = 1, completed tasks = 29013]
2026-07-24T23:11:27.409-05:00  INFO 44112 --- [conteo-electoral] [MessageBroker-8] o.s.w.s.c.WebSocketMessageBrokerStats    : WebSocketSession[0 current WS(0)-HttpStream(0)-HttpPoll(0), 18 total, 0 closed abnormally (0 connect failure, 0 send limit, 0 transport error)], stompSubProtocol[processed CONNECT(18)-CONNECTED(18)-DISCONNECT(0)], stompBrokerRelay[null], inboundChannel[pool size = 0, active threads = 0, queued tasks = 0, completed tasks = 159], outboundChannel[pool size = 0, active threads = 0, queued tasks = 0, completed tasks = 37], sockJsScheduler[pool size = 32, active threads = 1, queued tasks = 1, completed tasks = 29374]
2026-07-24T23:41:27.426-05:00  INFO 44112 --- [conteo-electoral] [essageBroker-24] o.s.w.s.c.WebSocketMessageBrokerStats    : WebSocketSession[0 current WS(0)-HttpStream(0)-HttpPoll(0), 18 total, 0 closed abnormally (0 connect failure, 0 send limit, 0 transport error)], stompSubProtocol[processed CONNECT(18)-CONNECTED(18)-DISCONNECT(0)], stompBrokerRelay[null], inboundChannel[pool size = 0, active threads = 0, queued tasks = 0, completed tasks = 159], outboundChannel[pool size = 0, active threads = 0, queued tasks = 0, completed tasks = 37], sockJsScheduler[pool size = 32, active threads = 1, queued tasks = 1, completed tasks = 29735]
2026-07-25T00:11:27.436-05:00  INFO 44112 --- [conteo-electoral] [MessageBroker-3] o.s.w.s.c.WebSocketMessageBrokerStats    : WebSocketSession[0 current WS(0)-HttpStream(0)-HttpPoll(0), 18 total, 0 closed abnormally (0 connect failure, 0 send limit, 0 transport error)], stompSubProtocol[processed CONNECT(18)-CONNECTED(18)-DISCONNECT(0)], stompBrokerRelay[null], inboundChannel[pool size = 0, active threads = 0, queued tasks = 0, completed tasks = 159], outboundChannel[pool size = 0, active threads = 0, queued tasks = 0, completed tasks = 37], sockJsScheduler[pool size = 32, active threads = 1, queued tasks = 1, completed tasks = 30096]
2026-07-25T00:41:27.442-05:00  INFO 44112 --- [conteo-electoral] [MessageBroker-5] o.s.w.s.c.WebSocketMessageBrokerStats    : WebSocketSession[0 current WS(0)-HttpStream(0)-HttpPoll(0), 18 total, 0 closed abnormally (0 connect failure, 0 send limit, 0 transport error)], stompSubProtocol[processed CONNECT(18)-CONNECTED(18)-DISCONNECT(0)], stompBrokerRelay[null], inboundChannel[pool size = 0, active threads = 0, queued tasks = 0, completed tasks = 159], outboundChannel[pool size = 0, active threads = 0, queued tasks = 0, completed tasks = 37], sockJsScheduler[pool size = 32, active threads = 1, queued tasks = 1, completed tasks = 30457]
2026-07-25T01:11:27.449-05:00  INFO 44112 --- [conteo-electoral] [MessageBroker-6] o.s.w.s.c.WebSocketMessageBrokerStats    : WebSocketSession[0 current WS(0)-HttpStream(0)-HttpPoll(0), 18 total, 0 closed abnormally (0 connect failure, 0 send limit, 0 transport error)], stompSubProtocol[processed CONNECT(18)-CONNECTED(18)-DISCONNECT(0)], stompBrokerRelay[null], inboundChannel[pool size = 0, active threads = 0, queued tasks = 0, completed tasks = 159], outboundChannel[pool size = 0, active threads = 0, queued tasks = 0, completed tasks = 37], sockJsScheduler[pool size = 32, active threads = 1, queued tasks = 1, completed tasks = 30818]
2026-07-25T01:41:27.466-05:00  INFO 44112 --- [conteo-electoral] [MessageBroker-7] o.s.w.s.c.WebSocketMessageBrokerStats    : WebSocketSession[0 current WS(0)-HttpStream(0)-HttpPoll(0), 18 total, 0 closed abnormally (0 connect failure, 0 send limit, 0 transport error)], stompSubProtocol[processed CONNECT(18)-CONNECTED(18)-DISCONNECT(0)], stompBrokerRelay[null], inboundChannel[pool size = 0, active threads = 0, queued tasks = 0, completed tasks = 159], outboundChannel[pool size = 0, active threads = 0, queued tasks = 0, completed tasks = 37], sockJsScheduler[pool size = 32, active threads = 1, queued tasks = 1, completed tasks = 31179]
2026-07-25T02:11:27.480-05:00  INFO 44112 --- [conteo-electoral] [essageBroker-26] o.s.w.s.c.WebSocketMessageBrokerStats    : WebSocketSession[0 current WS(0)-HttpStream(0)-HttpPoll(0), 18 total, 0 closed abnormally (0 connect failure, 0 send limit, 0 transport error)], stompSubProtocol[processed CONNECT(18)-CONNECTED(18)-DISCONNECT(0)], stompBrokerRelay[null], inboundChannel[pool size = 0, active threads = 0, queued tasks = 0, completed tasks = 159], outboundChannel[pool size = 0, active threads = 0, queued tasks = 0, completed tasks = 37], sockJsScheduler[pool size = 32, active threads = 1, queued tasks = 1, completed tasks = 31540]
2026-07-25T02:41:27.488-05:00  INFO 44112 --- [conteo-electoral] [essageBroker-19] o.s.w.s.c.WebSocketMessageBrokerStats    : WebSocketSession[0 current WS(0)-HttpStream(0)-HttpPoll(0), 18 total, 0 closed abnormally (0 connect failure, 0 send limit, 0 transport error)], stompSubProtocol[processed CONNECT(18)-CONNECTED(18)-DISCONNECT(0)], stompBrokerRelay[null], inboundChannel[pool size = 0, active threads = 0, queued tasks = 0, completed tasks = 159], outboundChannel[pool size = 0, active threads = 0, queued tasks = 0, completed tasks = 37], sockJsScheduler[pool size = 32, active threads = 1, queued tasks = 1, completed tasks = 31901]
2026-07-25T03:11:27.502-05:00  INFO 44112 --- [conteo-electoral] [essageBroker-20] o.s.w.s.c.WebSocketMessageBrokerStats    : WebSocketSession[0 current WS(0)-HttpStream(0)-HttpPoll(0), 18 total, 0 closed abnormally (0 connect failure, 0 send limit, 0 transport error)], stompSubProtocol[processed CONNECT(18)-CONNECTED(18)-DISCONNECT(0)], stompBrokerRelay[null], inboundChannel[pool size = 0, active threads = 0, queued tasks = 0, completed tasks = 159], outboundChannel[pool size = 0, active threads = 0, queued tasks = 0, completed tasks = 37], sockJsScheduler[pool size = 32, active threads = 1, queued tasks = 1, completed tasks = 32262]
2026-07-25T03:41:27.508-05:00  INFO 44112 --- [conteo-electoral] [essageBroker-24] o.s.w.s.c.WebSocketMessageBrokerStats    : WebSocketSession[0 current WS(0)-HttpStream(0)-HttpPoll(0), 18 total, 0 closed abnormally (0 connect failure, 0 send limit, 0 transport error)], stompSubProtocol[processed CONNECT(18)-CONNECTED(18)-DISCONNECT(0)], stompBrokerRelay[null], inboundChannel[pool size = 0, active threads = 0, queued tasks = 0, completed tasks = 159], outboundChannel[pool size = 0, active threads = 0, queued tasks = 0, completed tasks = 37], sockJsScheduler[pool size = 32, active threads = 1, queued tasks = 1, completed tasks = 32623]
2026-07-25T04:11:27.514-05:00  INFO 44112 --- [conteo-electoral] [essageBroker-31] o.s.w.s.c.WebSocketMessageBrokerStats    : WebSocketSession[0 current WS(0)-HttpStream(0)-HttpPoll(0), 18 total, 0 closed abnormally (0 connect failure, 0 send limit, 0 transport error)], stompSubProtocol[processed CONNECT(18)-CONNECTED(18)-DISCONNECT(0)], stompBrokerRelay[null], inboundChannel[pool size = 0, active threads = 0, queued tasks = 0, completed tasks = 159], outboundChannel[pool size = 0, active threads = 0, queued tasks = 0, completed tasks = 37], sockJsScheduler[pool size = 32, active threads = 1, queued tasks = 1, completed tasks = 32984]
2026-07-25T04:41:27.527-05:00  INFO 44112 --- [conteo-electoral] [MessageBroker-6] o.s.w.s.c.WebSocketMessageBrokerStats    : WebSocketSession[0 current WS(0)-HttpStream(0)-HttpPoll(0), 18 total, 0 closed abnormally (0 connect failure, 0 send limit, 0 transport error)], stompSubProtocol[processed CONNECT(18)-CONNECTED(18)-DISCONNECT(0)], stompBrokerRelay[null], inboundChannel[pool size = 0, active threads = 0, queued tasks = 0, completed tasks = 159], outboundChannel[pool size = 0, active threads = 0, queued tasks = 0, completed tasks = 37], sockJsScheduler[pool size = 32, active threads = 1, queued tasks = 1, completed tasks = 33345]
2026-07-25T05:11:27.538-05:00  INFO 44112 --- [conteo-electoral] [essageBroker-14] o.s.w.s.c.WebSocketMessageBrokerStats    : WebSocketSession[0 current WS(0)-HttpStream(0)-HttpPoll(0), 18 total, 0 closed abnormally (0 connect failure, 0 send limit, 0 transport error)], stompSubProtocol[processed CONNECT(18)-CONNECTED(18)-DISCONNECT(0)], stompBrokerRelay[null], inboundChannel[pool size = 0, active threads = 0, queued tasks = 0, completed tasks = 159], outboundChannel[pool size = 0, active threads = 0, queued tasks = 0, completed tasks = 37], sockJsScheduler[pool size = 32, active threads = 1, queued tasks = 1, completed tasks = 33706]
2026-07-25T05:41:27.551-05:00  INFO 44112 --- [conteo-electoral] [essageBroker-27] o.s.w.s.c.WebSocketMessageBrokerStats    : WebSocketSession[0 current WS(0)-HttpStream(0)-HttpPoll(0), 18 total, 0 closed abnormally (0 connect failure, 0 send limit, 0 transport error)], stompSubProtocol[processed CONNECT(18)-CONNECTED(18)-DISCONNECT(0)], stompBrokerRelay[null], inboundChannel[pool size = 0, active threads = 0, queued tasks = 0, completed tasks = 159], outboundChannel[pool size = 0, active threads = 0, queued tasks = 0, completed tasks = 37], sockJsScheduler[pool size = 32, active threads = 1, queued tasks = 1, completed tasks = 34067]
2026-07-25T06:11:27.556-05:00  INFO 44112 --- [conteo-electoral] [essageBroker-11] o.s.w.s.c.WebSocketMessageBrokerStats    : WebSocketSession[0 current WS(0)-HttpStream(0)-HttpPoll(0), 18 total, 0 closed abnormally (0 connect failure, 0 send limit, 0 transport error)], stompSubProtocol[processed CONNECT(18)-CONNECTED(18)-DISCONNECT(0)], stompBrokerRelay[null], inboundChannel[pool size = 0, active threads = 0, queued tasks = 0, completed tasks = 159], outboundChannel[pool size = 0, active threads = 0, queued tasks = 0, completed tasks = 37], sockJsScheduler[pool size = 32, active threads = 1, queued tasks = 1, completed tasks = 34428]
2026-07-25T06:41:27.570-05:00  INFO 44112 --- [conteo-electoral] [essageBroker-29] o.s.w.s.c.WebSocketMessageBrokerStats    : WebSocketSession[0 current WS(0)-HttpStream(0)-HttpPoll(0), 18 total, 0 closed abnormally (0 connect failure, 0 send limit, 0 transport error)], stompSubProtocol[processed CONNECT(18)-CONNECTED(18)-DISCONNECT(0)], stompBrokerRelay[null], inboundChannel[pool size = 0, active threads = 0, queued tasks = 0, completed tasks = 159], outboundChannel[pool size = 0, active threads = 0, queued tasks = 0, completed tasks = 37], sockJsScheduler[pool size = 32, active threads = 1, queued tasks = 1, completed tasks = 34789]
2026-07-25T07:11:27.574-05:00  INFO 44112 --- [conteo-electoral] [MessageBroker-6] o.s.w.s.c.WebSocketMessageBrokerStats    : WebSocketSession[0 current WS(0)-HttpStream(0)-HttpPoll(0), 18 total, 0 closed abnormally (0 connect failure, 0 send limit, 0 transport error)], stompSubProtocol[processed CONNECT(18)-CONNECTED(18)-DISCONNECT(0)], stompBrokerRelay[null], inboundChannel[pool size = 0, active threads = 0, queued tasks = 0, completed tasks = 159], outboundChannel[pool size = 0, active threads = 0, queued tasks = 0, completed tasks = 37], sockJsScheduler[pool size = 32, active threads = 1, queued tasks = 1, completed tasks = 35150]
2026-07-25T07:41:27.581-05:00  INFO 44112 --- [conteo-electoral] [essageBroker-31] o.s.w.s.c.WebSocketMessageBrokerStats    : WebSocketSession[0 current WS(0)-HttpStream(0)-HttpPoll(0), 18 total, 0 closed abnormally (0 connect failure, 0 send limit, 0 transport error)], stompSubProtocol[processed CONNECT(18)-CONNECTED(18)-DISCONNECT(0)], stompBrokerRelay[null], inboundChannel[pool size = 0, active threads = 0, queued tasks = 0, completed tasks = 159], outboundChannel[pool size = 0, active threads = 0, queued tasks = 0, completed tasks = 37], sockJsScheduler[pool size = 32, active threads = 1, queued tasks = 1, completed tasks = 35511]
2026-07-25T08:11:27.591-05:00  INFO 44112 --- [conteo-electoral] [MessageBroker-3] o.s.w.s.c.WebSocketMessageBrokerStats    : WebSocketSession[0 current WS(0)-HttpStream(0)-HttpPoll(0), 18 total, 0 closed abnormally (0 connect failure, 0 send limit, 0 transport error)], stompSubProtocol[processed CONNECT(18)-CONNECTED(18)-DISCONNECT(0)], stompBrokerRelay[null], inboundChannel[pool size = 0, active threads = 0, queued tasks = 0, completed tasks = 159], outboundChannel[pool size = 0, active threads = 0, queued tasks = 0, completed tasks = 37], sockJsScheduler[pool size = 32, active threads = 1, queued tasks = 1, completed tasks = 35872]
2026-07-25T08:41:27.599-05:00  INFO 44112 --- [conteo-electoral] [essageBroker-15] o.s.w.s.c.WebSocketMessageBrokerStats    : WebSocketSession[0 current WS(0)-HttpStream(0)-HttpPoll(0), 18 total, 0 closed abnormally (0 connect failure, 0 send limit, 0 transport error)], stompSubProtocol[processed CONNECT(18)-CONNECTED(18)-DISCONNECT(0)], stompBrokerRelay[null], inboundChannel[pool size = 0, active threads = 0, queued tasks = 0, completed tasks = 159], outboundChannel[pool size = 0, active threads = 0, queued tasks = 0, completed tasks = 37], sockJsScheduler[pool size = 32, active threads = 1, queued tasks = 1, completed tasks = 36233]
2026-07-25T09:11:27.603-05:00  INFO 44112 --- [conteo-electoral] [essageBroker-23] o.s.w.s.c.WebSocketMessageBrokerStats    : WebSocketSession[0 current WS(0)-HttpStream(0)-HttpPoll(0), 18 total, 0 closed abnormally (0 connect failure, 0 send limit, 0 transport error)], stompSubProtocol[processed CONNECT(18)-CONNECTED(18)-DISCONNECT(0)], stompBrokerRelay[null], inboundChannel[pool size = 0, active threads = 0, queued tasks = 0, completed tasks = 159], outboundChannel[pool size = 0, active threads = 0, queued tasks = 0, completed tasks = 37], sockJsScheduler[pool size = 32, active threads = 1, queued tasks = 1, completed tasks = 36594]
2026-07-25T09:41:27.621-05:00  INFO 44112 --- [conteo-electoral] [MessageBroker-2] o.s.w.s.c.WebSocketMessageBrokerStats    : WebSocketSession[0 current WS(0)-HttpStream(0)-HttpPoll(0), 18 total, 0 closed abnormally (0 connect failure, 0 send limit, 0 transport error)], stompSubProtocol[processed CONNECT(18)-CONNECTED(18)-DISCONNECT(0)], stompBrokerRelay[null], inboundChannel[pool size = 0, active threads = 0, queued tasks = 0, completed tasks = 159], outboundChannel[pool size = 0, active threads = 0, queued tasks = 0, completed tasks = 37], sockJsScheduler[pool size = 32, active threads = 1, queued tasks = 1, completed tasks = 36955]
2026-07-25T10:11:27.626-05:00  INFO 44112 --- [conteo-electoral] [essageBroker-16] o.s.w.s.c.WebSocketMessageBrokerStats    : WebSocketSession[0 current WS(0)-HttpStream(0)-HttpPoll(0), 18 total, 0 closed abnormally (0 connect failure, 0 send limit, 0 transport error)], stompSubProtocol[processed CONNECT(18)-CONNECTED(18)-DISCONNECT(0)], stompBrokerRelay[null], inboundChannel[pool size = 0, active threads = 0, queued tasks = 0, completed tasks = 159], outboundChannel[pool size = 0, active threads = 0, queued tasks = 0, completed tasks = 37], sockJsScheduler[pool size = 32, active threads = 1, queued tasks = 1, completed tasks = 37316]
2026-07-25T10:41:27.642-05:00  INFO 44112 --- [conteo-electoral] [essageBroker-27] o.s.w.s.c.WebSocketMessageBrokerStats    : WebSocketSession[0 current WS(0)-HttpStream(0)-HttpPoll(0), 18 total, 0 closed abnormally (0 connect failure, 0 send limit, 0 transport error)], stompSubProtocol[processed CONNECT(18)-CONNECTED(18)-DISCONNECT(0)], stompBrokerRelay[null], inboundChannel[pool size = 0, active threads = 0, queued tasks = 0, completed tasks = 159], outboundChannel[pool size = 0, active threads = 0, queued tasks = 0, completed tasks = 37], sockJsScheduler[pool size = 32, active threads = 1, queued tasks = 1, completed tasks = 37677]
2026-07-25T11:11:29.017-05:00  INFO 44112 --- [conteo-electoral] [essageBroker-16] o.s.w.s.c.WebSocketMessageBrokerStats    : WebSocketSession[0 current WS(0)-HttpStream(0)-HttpPoll(0), 18 total, 0 closed abnormally (0 connect failure, 0 send limit, 0 transport error)], stompSubProtocol[processed CONNECT(18)-CONNECTED(18)-DISCONNECT(0)], stompBrokerRelay[null], inboundChannel[pool size = 0, active threads = 0, queued tasks = 0, completed tasks = 159], outboundChannel[pool size = 0, active threads = 0, queued tasks = 0, completed tasks = 37], sockJsScheduler[pool size = 32, active threads = 1, queued tasks = 1, completed tasks = 38038]
2026-07-25T11:41:29.030-05:00  INFO 44112 --- [conteo-electoral] [essageBroker-20] o.s.w.s.c.WebSocketMessageBrokerStats    : WebSocketSession[0 current WS(0)-HttpStream(0)-HttpPoll(0), 18 total, 0 closed abnormally (0 connect failure, 0 send limit, 0 transport error)], stompSubProtocol[processed CONNECT(18)-CONNECTED(18)-DISCONNECT(0)], stompBrokerRelay[null], inboundChannel[pool size = 0, active threads = 0, queued tasks = 0, completed tasks = 159], outboundChannel[pool size = 0, active threads = 0, queued tasks = 0, completed tasks = 37], sockJsScheduler[pool size = 32, active threads = 1, queued tasks = 1, completed tasks = 38399]
2026-07-25T12:11:29.035-05:00  INFO 44112 --- [conteo-electoral] [essageBroker-19] o.s.w.s.c.WebSocketMessageBrokerStats    : WebSocketSession[0 current WS(0)-HttpStream(0)-HttpPoll(0), 18 total, 0 closed abnormally (0 connect failure, 0 send limit, 0 transport error)], stompSubProtocol[processed CONNECT(18)-CONNECTED(18)-DISCONNECT(0)], stompBrokerRelay[null], inboundChannel[pool size = 0, active threads = 0, queued tasks = 0, completed tasks = 159], outboundChannel[pool size = 0, active threads = 0, queued tasks = 0, completed tasks = 37], sockJsScheduler[pool size = 32, active threads = 1, queued tasks = 1, completed tasks = 38760]
2026-07-25T12:41:29.044-05:00  INFO 44112 --- [conteo-electoral] [MessageBroker-3] o.s.w.s.c.WebSocketMessageBrokerStats    : WebSocketSession[0 current WS(0)-HttpStream(0)-HttpPoll(0), 18 total, 0 closed abnormally (0 connect failure, 0 send limit, 0 transport error)], stompSubProtocol[processed CONNECT(18)-CONNECTED(18)-DISCONNECT(0)], stompBrokerRelay[null], inboundChannel[pool size = 0, active threads = 0, queued tasks = 0, completed tasks = 159], outboundChannel[pool size = 0, active threads = 0, queued tasks = 0, completed tasks = 37], sockJsScheduler[pool size = 32, active threads = 1, queued tasks = 1, completed tasks = 39121]
2026-07-25T13:11:29.048-05:00  INFO 44112 --- [conteo-electoral] [MessageBroker-1] o.s.w.s.c.WebSocketMessageBrokerStats    : WebSocketSession[0 current WS(0)-HttpStream(0)-HttpPoll(0), 18 total, 0 closed abnormally (0 connect failure, 0 send limit, 0 transport error)], stompSubProtocol[processed CONNECT(18)-CONNECTED(18)-DISCONNECT(0)], stompBrokerRelay[null], inboundChannel[pool size = 0, active threads = 0, queued tasks = 0, completed tasks = 159], outboundChannel[pool size = 0, active threads = 0, queued tasks = 0, completed tasks = 37], sockJsScheduler[pool size = 32, active threads = 1, queued tasks = 1, completed tasks = 39482]
2026-07-25T13:41:29.063-05:00  INFO 44112 --- [conteo-electoral] [essageBroker-18] o.s.w.s.c.WebSocketMessageBrokerStats    : WebSocketSession[0 current WS(0)-HttpStream(0)-HttpPoll(0), 18 total, 0 closed abnormally (0 connect failure, 0 send limit, 0 transport error)], stompSubProtocol[processed CONNECT(18)-CONNECTED(18)-DISCONNECT(0)], stompBrokerRelay[null], inboundChannel[pool size = 0, active threads = 0, queued tasks = 0, completed tasks = 159], outboundChannel[pool size = 0, active threads = 0, queued tasks = 0, completed tasks = 37], sockJsScheduler[pool size = 32, active threads = 1, queued tasks = 1, completed tasks = 39843]
2026-07-25T14:11:29.081-05:00  INFO 44112 --- [conteo-electoral] [essageBroker-23] o.s.w.s.c.WebSocketMessageBrokerStats    : WebSocketSession[0 current WS(0)-HttpStream(0)-HttpPoll(0), 18 total, 0 closed abnormally (0 connect failure, 0 send limit, 0 transport error)], stompSubProtocol[processed CONNECT(18)-CONNECTED(18)-DISCONNECT(0)], stompBrokerRelay[null], inboundChannel[pool size = 0, active threads = 0, queued tasks = 0, completed tasks = 159], outboundChannel[pool size = 0, active threads = 0, queued tasks = 0, completed tasks = 37], sockJsScheduler[pool size = 32, active threads = 1, queued tasks = 1, completed tasks = 40204]
2026-07-25T14:41:29.093-05:00  INFO 44112 --- [conteo-electoral] [essageBroker-14] o.s.w.s.c.WebSocketMessageBrokerStats    : WebSocketSession[0 current WS(0)-HttpStream(0)-HttpPoll(0), 18 total, 0 closed abnormally (0 connect failure, 0 send limit, 0 transport error)], stompSubProtocol[processed CONNECT(18)-CONNECTED(18)-DISCONNECT(0)], stompBrokerRelay[null], inboundChannel[pool size = 0, active threads = 0, queued tasks = 0, completed tasks = 159], outboundChannel[pool size = 0, active threads = 0, queued tasks = 0, completed tasks = 37], sockJsScheduler[pool size = 32, active threads = 1, queued tasks = 1, completed tasks = 40565]
2026-07-25T15:11:29.106-05:00  INFO 44112 --- [conteo-electoral] [MessageBroker-6] o.s.w.s.c.WebSocketMessageBrokerStats    : WebSocketSession[0 current WS(0)-HttpStream(0)-HttpPoll(0), 18 total, 0 closed abnormally (0 connect failure, 0 send limit, 0 transport error)], stompSubProtocol[processed CONNECT(18)-CONNECTED(18)-DISCONNECT(0)], stompBrokerRelay[null], inboundChannel[pool size = 0, active threads = 0, queued tasks = 0, completed tasks = 159], outboundChannel[pool size = 0, active threads = 0, queued tasks = 0, completed tasks = 37], sockJsScheduler[pool size = 32, active threads = 1, queued tasks = 1, completed tasks = 40926]
2026-07-25T15:41:29.120-05:00  INFO 44112 --- [conteo-electoral] [essageBroker-29] o.s.w.s.c.WebSocketMessageBrokerStats    : WebSocketSession[0 current WS(0)-HttpStream(0)-HttpPoll(0), 18 total, 0 closed abnormally (0 connect failure, 0 send limit, 0 transport error)], stompSubProtocol[processed CONNECT(18)-CONNECTED(18)-DISCONNECT(0)], stompBrokerRelay[null], inboundChannel[pool size = 0, active threads = 0, queued tasks = 0, completed tasks = 159], outboundChannel[pool size = 0, active threads = 0, queued tasks = 0, completed tasks = 37], sockJsScheduler[pool size = 32, active threads = 1, queued tasks = 1, completed tasks = 41287]
2026-07-25T16:11:29.139-05:00  INFO 44112 --- [conteo-electoral] [MessageBroker-5] o.s.w.s.c.WebSocketMessageBrokerStats    : WebSocketSession[0 current WS(0)-HttpStream(0)-HttpPoll(0), 18 total, 0 closed abnormally (0 connect failure, 0 send limit, 0 transport error)], stompSubProtocol[processed CONNECT(18)-CONNECTED(18)-DISCONNECT(0)], stompBrokerRelay[null], inboundChannel[pool size = 0, active threads = 0, queued tasks = 0, completed tasks = 159], outboundChannel[pool size = 0, active threads = 0, queued tasks = 0, completed tasks = 37], sockJsScheduler[pool size = 32, active threads = 1, queued tasks = 1, completed tasks = 41648]
2026-07-25T16:41:29.142-05:00  INFO 44112 --- [conteo-electoral] [MessageBroker-6] o.s.w.s.c.WebSocketMessageBrokerStats    : WebSocketSession[0 current WS(0)-HttpStream(0)-HttpPoll(0), 18 total, 0 closed abnormally (0 connect failure, 0 send limit, 0 transport error)], stompSubProtocol[processed CONNECT(18)-CONNECTED(18)-DISCONNECT(0)], stompBrokerRelay[null], inboundChannel[pool size = 0, active threads = 0, queued tasks = 0, completed tasks = 159], outboundChannel[pool size = 0, active threads = 0, queued tasks = 0, completed tasks = 37], sockJsScheduler[pool size = 32, active threads = 1, queued tasks = 1, completed tasks = 42009]
2026-07-25T17:11:29.145-05:00  INFO 44112 --- [conteo-electoral] [essageBroker-23] o.s.w.s.c.WebSocketMessageBrokerStats    : WebSocketSession[0 current WS(0)-HttpStream(0)-HttpPoll(0), 18 total, 0 closed abnormally (0 connect failure, 0 send limit, 0 transport error)], stompSubProtocol[processed CONNECT(18)-CONNECTED(18)-DISCONNECT(0)], stompBrokerRelay[null], inboundChannel[pool size = 0, active threads = 0, queued tasks = 0, completed tasks = 159], outboundChannel[pool size = 0, active threads = 0, queued tasks = 0, completed tasks = 37], sockJsScheduler[pool size = 32, active threads = 1, queued tasks = 1, completed tasks = 42370]
2026-07-25T17:41:29.159-05:00  INFO 44112 --- [conteo-electoral] [essageBroker-22] o.s.w.s.c.WebSocketMessageBrokerStats    : WebSocketSession[0 current WS(0)-HttpStream(0)-HttpPoll(0), 18 total, 0 closed abnormally (0 connect failure, 0 send limit, 0 transport error)], stompSubProtocol[processed CONNECT(18)-CONNECTED(18)-DISCONNECT(0)], stompBrokerRelay[null], inboundChannel[pool size = 0, active threads = 0, queued tasks = 0, completed tasks = 159], outboundChannel[pool size = 0, active threads = 0, queued tasks = 0, completed tasks = 37], sockJsScheduler[pool size = 32, active threads = 1, queued tasks = 1, completed tasks = 42731]
2026-07-25T18:11:29.173-05:00  INFO 44112 --- [conteo-electoral] [MessageBroker-3] o.s.w.s.c.WebSocketMessageBrokerStats    : WebSocketSession[0 current WS(0)-HttpStream(0)-HttpPoll(0), 18 total, 0 closed abnormally (0 connect failure, 0 send limit, 0 transport error)], stompSubProtocol[processed CONNECT(18)-CONNECTED(18)-DISCONNECT(0)], stompBrokerRelay[null], inboundChannel[pool size = 0, active threads = 0, queued tasks = 0, completed tasks = 159], outboundChannel[pool size = 0, active threads = 0, queued tasks = 0, completed tasks = 37], sockJsScheduler[pool size = 32, active threads = 1, queued tasks = 1, completed tasks = 43092]
2026-07-25T18:41:29.180-05:00  INFO 44112 --- [conteo-electoral] [MessageBroker-6] o.s.w.s.c.WebSocketMessageBrokerStats    : WebSocketSession[0 current WS(0)-HttpStream(0)-HttpPoll(0), 18 total, 0 closed abnormally (0 connect failure, 0 send limit, 0 transport error)], stompSubProtocol[processed CONNECT(18)-CONNECTED(18)-DISCONNECT(0)], stompBrokerRelay[null], inboundChannel[pool size = 0, active threads = 0, queued tasks = 0, completed tasks = 159], outboundChannel[pool size = 0, active threads = 0, queued tasks = 0, completed tasks = 37], sockJsScheduler[pool size = 32, active threads = 1, queued tasks = 1, completed tasks = 43453]
2026-07-25T19:11:29.191-05:00  INFO 44112 --- [conteo-electoral] [MessageBroker-6] o.s.w.s.c.WebSocketMessageBrokerStats    : WebSocketSession[0 current WS(0)-HttpStream(0)-HttpPoll(0), 18 total, 0 closed abnormally (0 connect failure, 0 send limit, 0 transport error)], stompSubProtocol[processed CONNECT(18)-CONNECTED(18)-DISCONNECT(0)], stompBrokerRelay[null], inboundChannel[pool size = 0, active threads = 0, queued tasks = 0, completed tasks = 159], outboundChannel[pool size = 0, active threads = 0, queued tasks = 0, completed tasks = 37], sockJsScheduler[pool size = 32, active threads = 1, queued tasks = 1, completed tasks = 43814]
2026-07-25T19:41:29.207-05:00  INFO 44112 --- [conteo-electoral] [MessageBroker-5] o.s.w.s.c.WebSocketMessageBrokerStats    : WebSocketSession[0 current WS(0)-HttpStream(0)-HttpPoll(0), 18 total, 0 closed abnormally (0 connect failure, 0 send limit, 0 transport error)], stompSubProtocol[processed CONNECT(18)-CONNECTED(18)-DISCONNECT(0)], stompBrokerRelay[null], inboundChannel[pool size = 0, active threads = 0, queued tasks = 0, completed tasks = 159], outboundChannel[pool size = 0, active threads = 0, queued tasks = 0, completed tasks = 37], sockJsScheduler[pool size = 32, active threads = 1, queued tasks = 1, completed tasks = 44175]
2026-07-25T20:11:29.216-05:00  INFO 44112 --- [conteo-electoral] [MessageBroker-8] o.s.w.s.c.WebSocketMessageBrokerStats    : WebSocketSession[0 current WS(0)-HttpStream(0)-HttpPoll(0), 18 total, 0 closed abnormally (0 connect failure, 0 send limit, 0 transport error)], stompSubProtocol[processed CONNECT(18)-CONNECTED(18)-DISCONNECT(0)], stompBrokerRelay[null], inboundChannel[pool size = 0, active threads = 0, queued tasks = 0, completed tasks = 159], outboundChannel[pool size = 0, active threads = 0, queued tasks = 0, completed tasks = 37], sockJsScheduler[pool size = 32, active threads = 1, queued tasks = 1, completed tasks = 44536]
2026-07-25T20:41:29.221-05:00  INFO 44112 --- [conteo-electoral] [essageBroker-24] o.s.w.s.c.WebSocketMessageBrokerStats    : WebSocketSession[0 current WS(0)-HttpStream(0)-HttpPoll(0), 18 total, 0 closed abnormally (0 connect failure, 0 send limit, 0 transport error)], stompSubProtocol[processed CONNECT(18)-CONNECTED(18)-DISCONNECT(0)], stompBrokerRelay[null], inboundChannel[pool size = 0, active threads = 0, queued tasks = 0, completed tasks = 159], outboundChannel[pool size = 0, active threads = 0, queued tasks = 0, completed tasks = 37], sockJsScheduler[pool size = 32, active threads = 1, queued tasks = 1, completed tasks = 44897]
2026-07-25T21:11:29.236-05:00  INFO 44112 --- [conteo-electoral] [essageBroker-14] o.s.w.s.c.WebSocketMessageBrokerStats    : WebSocketSession[0 current WS(0)-HttpStream(0)-HttpPoll(0), 18 total, 0 closed abnormally (0 connect failure, 0 send limit, 0 transport error)], stompSubProtocol[processed CONNECT(18)-CONNECTED(18)-DISCONNECT(0)], stompBrokerRelay[null], inboundChannel[pool size = 0, active threads = 0, queued tasks = 0, completed tasks = 159], outboundChannel[pool size = 0, active threads = 0, queued tasks = 0, completed tasks = 37], sockJsScheduler[pool size = 32, active threads = 1, queued tasks = 1, completed tasks = 45258]
2026-07-25T21:41:29.250-05:00  INFO 44112 --- [conteo-electoral] [essageBroker-17] o.s.w.s.c.WebSocketMessageBrokerStats    : WebSocketSession[0 current WS(0)-HttpStream(0)-HttpPoll(0), 18 total, 0 closed abnormally (0 connect failure, 0 send limit, 0 transport error)], stompSubProtocol[processed CONNECT(18)-CONNECTED(18)-DISCONNECT(0)], stompBrokerRelay[null], inboundChannel[pool size = 0, active threads = 0, queued tasks = 0, completed tasks = 159], outboundChannel[pool size = 0, active threads = 0, queued tasks = 0, completed tasks = 37], sockJsScheduler[pool size = 32, active threads = 1, queued tasks = 1, completed tasks = 45619]
2026-07-25T22:11:29.261-05:00  INFO 44112 --- [conteo-electoral] [essageBroker-10] o.s.w.s.c.WebSocketMessageBrokerStats    : WebSocketSession[0 current WS(0)-HttpStream(0)-HttpPoll(0), 18 total, 0 closed abnormally (0 connect failure, 0 send limit, 0 transport error)], stompSubProtocol[processed CONNECT(18)-CONNECTED(18)-DISCONNECT(0)], stompBrokerRelay[null], inboundChannel[pool size = 0, active threads = 0, queued tasks = 0, completed tasks = 159], outboundChannel[pool size = 0, active threads = 0, queued tasks = 0, completed tasks = 37], sockJsScheduler[pool size = 32, active threads = 1, queued tasks = 1, completed tasks = 45980]
2026-07-25T22:41:29.272-05:00  INFO 44112 --- [conteo-electoral] [essageBroker-28] o.s.w.s.c.WebSocketMessageBrokerStats    : WebSocketSession[0 current WS(0)-HttpStream(0)-HttpPoll(0), 18 total, 0 closed abnormally (0 connect failure, 0 send limit, 0 transport error)], stompSubProtocol[processed CONNECT(18)-CONNECTED(18)-DISCONNECT(0)], stompBrokerRelay[null], inboundChannel[pool size = 0, active threads = 0, queued tasks = 0, completed tasks = 159], outboundChannel[pool size = 0, active threads = 0, queued tasks = 0, completed tasks = 37], sockJsScheduler[pool size = 32, active threads = 1, queued tasks = 1, completed tasks = 46341]
2026-07-25T23:11:29.285-05:00  INFO 44112 --- [conteo-electoral] [MessageBroker-9] o.s.w.s.c.WebSocketMessageBrokerStats    : WebSocketSession[0 current WS(0)-HttpStream(0)-HttpPoll(0), 18 total, 0 closed abnormally (0 connect failure, 0 send limit, 0 transport error)], stompSubProtocol[processed CONNECT(18)-CONNECTED(18)-DISCONNECT(0)], stompBrokerRelay[null], inboundChannel[pool size = 0, active threads = 0, queued tasks = 0, completed tasks = 159], outboundChannel[pool size = 0, active threads = 0, queued tasks = 0, completed tasks = 37], sockJsScheduler[pool size = 32, active threads = 1, queued tasks = 1, completed tasks = 46702]
2026-07-25T23:41:29.300-05:00  INFO 44112 --- [conteo-electoral] [MessageBroker-2] o.s.w.s.c.WebSocketMessageBrokerStats    : WebSocketSession[0 current WS(0)-HttpStream(0)-HttpPoll(0), 18 total, 0 closed abnormally (0 connect failure, 0 send limit, 0 transport error)], stompSubProtocol[processed CONNECT(18)-CONNECTED(18)-DISCONNECT(0)], stompBrokerRelay[null], inboundChannel[pool size = 0, active threads = 0, queued tasks = 0, completed tasks = 159], outboundChannel[pool size = 0, active threads = 0, queued tasks = 0, completed tasks = 37], sockJsScheduler[pool size = 32, active threads = 1, queued tasks = 1, completed tasks = 47063]
2026-07-26T00:11:29.317-05:00  INFO 44112 --- [conteo-electoral] [MessageBroker-9] o.s.w.s.c.WebSocketMessageBrokerStats    : WebSocketSession[0 current WS(0)-HttpStream(0)-HttpPoll(0), 18 total, 0 closed abnormally (0 connect failure, 0 send limit, 0 transport error)], stompSubProtocol[processed CONNECT(18)-CONNECTED(18)-DISCONNECT(0)], stompBrokerRelay[null], inboundChannel[pool size = 0, active threads = 0, queued tasks = 0, completed tasks = 159], outboundChannel[pool size = 0, active threads = 0, queued tasks = 0, completed tasks = 37], sockJsScheduler[pool size = 32, active threads = 1, queued tasks = 1, completed tasks = 47424]
2026-07-26T00:41:29.324-05:00  INFO 44112 --- [conteo-electoral] [essageBroker-22] o.s.w.s.c.WebSocketMessageBrokerStats    : WebSocketSession[0 current WS(0)-HttpStream(0)-HttpPoll(0), 18 total, 0 closed abnormally (0 connect failure, 0 send limit, 0 transport error)], stompSubProtocol[processed CONNECT(18)-CONNECTED(18)-DISCONNECT(0)], stompBrokerRelay[null], inboundChannel[pool size = 0, active threads = 0, queued tasks = 0, completed tasks = 159], outboundChannel[pool size = 0, active threads = 0, queued tasks = 0, completed tasks = 37], sockJsScheduler[pool size = 32, active threads = 1, queued tasks = 1, completed tasks = 47785]
2026-07-26T01:11:29.341-05:00  INFO 44112 --- [conteo-electoral] [MessageBroker-3] o.s.w.s.c.WebSocketMessageBrokerStats    : WebSocketSession[0 current WS(0)-HttpStream(0)-HttpPoll(0), 18 total, 0 closed abnormally (0 connect failure, 0 send limit, 0 transport error)], stompSubProtocol[processed CONNECT(18)-CONNECTED(18)-DISCONNECT(0)], stompBrokerRelay[null], inboundChannel[pool size = 0, active threads = 0, queued tasks = 0, completed tasks = 159], outboundChannel[pool size = 0, active threads = 0, queued tasks = 0, completed tasks = 37], sockJsScheduler[pool size = 32, active threads = 1, queued tasks = 1, completed tasks = 48146]
2026-07-26T01:41:29.350-05:00  INFO 44112 --- [conteo-electoral] [essageBroker-26] o.s.w.s.c.WebSocketMessageBrokerStats    : WebSocketSession[0 current WS(0)-HttpStream(0)-HttpPoll(0), 18 total, 0 closed abnormally (0 connect failure, 0 send limit, 0 transport error)], stompSubProtocol[processed CONNECT(18)-CONNECTED(18)-DISCONNECT(0)], stompBrokerRelay[null], inboundChannel[pool size = 0, active threads = 0, queued tasks = 0, completed tasks = 159], outboundChannel[pool size = 0, active threads = 0, queued tasks = 0, completed tasks = 37], sockJsScheduler[pool size = 32, active threads = 1, queued tasks = 1, completed tasks = 48507]
2026-07-26T02:11:29.366-05:00  INFO 44112 --- [conteo-electoral] [MessageBroker-6] o.s.w.s.c.WebSocketMessageBrokerStats    : WebSocketSession[0 current WS(0)-HttpStream(0)-HttpPoll(0), 18 total, 0 closed abnormally (0 connect failure, 0 send limit, 0 transport error)], stompSubProtocol[processed CONNECT(18)-CONNECTED(18)-DISCONNECT(0)], stompBrokerRelay[null], inboundChannel[pool size = 0, active threads = 0, queued tasks = 0, completed tasks = 159], outboundChannel[pool size = 0, active threads = 0, queued tasks = 0, completed tasks = 37], sockJsScheduler[pool size = 32, active threads = 1, queued tasks = 1, completed tasks = 48868]
2026-07-26T02:41:29.374-05:00  INFO 44112 --- [conteo-electoral] [MessageBroker-8] o.s.w.s.c.WebSocketMessageBrokerStats    : WebSocketSession[0 current WS(0)-HttpStream(0)-HttpPoll(0), 18 total, 0 closed abnormally (0 connect failure, 0 send limit, 0 transport error)], stompSubProtocol[processed CONNECT(18)-CONNECTED(18)-DISCONNECT(0)], stompBrokerRelay[null], inboundChannel[pool size = 0, active threads = 0, queued tasks = 0, completed tasks = 159], outboundChannel[pool size = 0, active threads = 0, queued tasks = 0, completed tasks = 37], sockJsScheduler[pool size = 32, active threads = 1, queued tasks = 1, completed tasks = 49229]
2026-07-26T03:11:29.392-05:00  INFO 44112 --- [conteo-electoral] [MessageBroker-6] o.s.w.s.c.WebSocketMessageBrokerStats    : WebSocketSession[0 current WS(0)-HttpStream(0)-HttpPoll(0), 18 total, 0 closed abnormally (0 connect failure, 0 send limit, 0 transport error)], stompSubProtocol[processed CONNECT(18)-CONNECTED(18)-DISCONNECT(0)], stompBrokerRelay[null], inboundChannel[pool size = 0, active threads = 0, queued tasks = 0, completed tasks = 159], outboundChannel[pool size = 0, active threads = 0, queued tasks = 0, completed tasks = 37], sockJsScheduler[pool size = 32, active threads = 1, queued tasks = 1, completed tasks = 49590]
2026-07-26T03:41:29.398-05:00  INFO 44112 --- [conteo-electoral] [essageBroker-32] o.s.w.s.c.WebSocketMessageBrokerStats    : WebSocketSession[0 current WS(0)-HttpStream(0)-HttpPoll(0), 18 total, 0 closed abnormally (0 connect failure, 0 send limit, 0 transport error)], stompSubProtocol[processed CONNECT(18)-CONNECTED(18)-DISCONNECT(0)], stompBrokerRelay[null], inboundChannel[pool size = 0, active threads = 0, queued tasks = 0, completed tasks = 159], outboundChannel[pool size = 0, active threads = 0, queued tasks = 0, completed tasks = 37], sockJsScheduler[pool size = 32, active threads = 1, queued tasks = 1, completed tasks = 49951]
2026-07-26T04:11:29.406-05:00  INFO 44112 --- [conteo-electoral] [MessageBroker-6] o.s.w.s.c.WebSocketMessageBrokerStats    : WebSocketSession[0 current WS(0)-HttpStream(0)-HttpPoll(0), 18 total, 0 closed abnormally (0 connect failure, 0 send limit, 0 transport error)], stompSubProtocol[processed CONNECT(18)-CONNECTED(18)-DISCONNECT(0)], stompBrokerRelay[null], inboundChannel[pool size = 0, active threads = 0, queued tasks = 0, completed tasks = 159], outboundChannel[pool size = 0, active threads = 0, queued tasks = 0, completed tasks = 37], sockJsScheduler[pool size = 32, active threads = 1, queued tasks = 1, completed tasks = 50312]
2026-07-26T04:41:29.410-05:00  INFO 44112 --- [conteo-electoral] [MessageBroker-6] o.s.w.s.c.WebSocketMessageBrokerStats    : WebSocketSession[0 current WS(0)-HttpStream(0)-HttpPoll(0), 18 total, 0 closed abnormally (0 connect failure, 0 send limit, 0 transport error)], stompSubProtocol[processed CONNECT(18)-CONNECTED(18)-DISCONNECT(0)], stompBrokerRelay[null], inboundChannel[pool size = 0, active threads = 0, queued tasks = 0, completed tasks = 159], outboundChannel[pool size = 0, active threads = 0, queued tasks = 0, completed tasks = 37], sockJsScheduler[pool size = 32, active threads = 1, queued tasks = 1, completed tasks = 50673]
2026-07-26T05:11:29.426-05:00  INFO 44112 --- [conteo-electoral] [MessageBroker-7] o.s.w.s.c.WebSocketMessageBrokerStats    : WebSocketSession[0 current WS(0)-HttpStream(0)-HttpPoll(0), 18 total, 0 closed abnormally (0 connect failure, 0 send limit, 0 transport error)], stompSubProtocol[processed CONNECT(18)-CONNECTED(18)-DISCONNECT(0)], stompBrokerRelay[null], inboundChannel[pool size = 0, active threads = 0, queued tasks = 0, completed tasks = 159], outboundChannel[pool size = 0, active threads = 0, queued tasks = 0, completed tasks = 37], sockJsScheduler[pool size = 32, active threads = 1, queued tasks = 1, completed tasks = 51034]
2026-07-26T05:41:29.443-05:00  INFO 44112 --- [conteo-electoral] [essageBroker-24] o.s.w.s.c.WebSocketMessageBrokerStats    : WebSocketSession[0 current WS(0)-HttpStream(0)-HttpPoll(0), 18 total, 0 closed abnormally (0 connect failure, 0 send limit, 0 transport error)], stompSubProtocol[processed CONNECT(18)-CONNECTED(18)-DISCONNECT(0)], stompBrokerRelay[null], inboundChannel[pool size = 0, active threads = 0, queued tasks = 0, completed tasks = 159], outboundChannel[pool size = 0, active threads = 0, queued tasks = 0, completed tasks = 37], sockJsScheduler[pool size = 32, active threads = 1, queued tasks = 1, completed tasks = 51395]
2026-07-26T06:11:29.449-05:00  INFO 44112 --- [conteo-electoral] [MessageBroker-9] o.s.w.s.c.WebSocketMessageBrokerStats    : WebSocketSession[0 current WS(0)-HttpStream(0)-HttpPoll(0), 18 total, 0 closed abnormally (0 connect failure, 0 send limit, 0 transport error)], stompSubProtocol[processed CONNECT(18)-CONNECTED(18)-DISCONNECT(0)], stompBrokerRelay[null], inboundChannel[pool size = 0, active threads = 0, queued tasks = 0, completed tasks = 159], outboundChannel[pool size = 0, active threads = 0, queued tasks = 0, completed tasks = 37], sockJsScheduler[pool size = 32, active threads = 1, queued tasks = 1, completed tasks = 51756]
2026-07-26T06:41:29.454-05:00  INFO 44112 --- [conteo-electoral] [essageBroker-10] o.s.w.s.c.WebSocketMessageBrokerStats    : WebSocketSession[0 current WS(0)-HttpStream(0)-HttpPoll(0), 18 total, 0 closed abnormally (0 connect failure, 0 send limit, 0 transport error)], stompSubProtocol[processed CONNECT(18)-CONNECTED(18)-DISCONNECT(0)], stompBrokerRelay[null], inboundChannel[pool size = 0, active threads = 0, queued tasks = 0, completed tasks = 159], outboundChannel[pool size = 0, active threads = 0, queued tasks = 0, completed tasks = 37], sockJsScheduler[pool size = 32, active threads = 1, queued tasks = 1, completed tasks = 52117]
2026-07-26T07:11:29.462-05:00  INFO 44112 --- [conteo-electoral] [essageBroker-14] o.s.w.s.c.WebSocketMessageBrokerStats    : WebSocketSession[0 current WS(0)-HttpStream(0)-HttpPoll(0), 18 total, 0 closed abnormally (0 connect failure, 0 send limit, 0 transport error)], stompSubProtocol[processed CONNECT(18)-CONNECTED(18)-DISCONNECT(0)], stompBrokerRelay[null], inboundChannel[pool size = 0, active threads = 0, queued tasks = 0, completed tasks = 159], outboundChannel[pool size = 0, active threads = 0, queued tasks = 0, completed tasks = 37], sockJsScheduler[pool size = 32, active threads = 1, queued tasks = 1, completed tasks = 52478]
2026-07-26T07:41:29.475-05:00  INFO 44112 --- [conteo-electoral] [MessageBroker-4] o.s.w.s.c.WebSocketMessageBrokerStats    : WebSocketSession[0 current WS(0)-HttpStream(0)-HttpPoll(0), 18 total, 0 closed abnormally (0 connect failure, 0 send limit, 0 transport error)], stompSubProtocol[processed CONNECT(18)-CONNECTED(18)-DISCONNECT(0)], stompBrokerRelay[null], inboundChannel[pool size = 0, active threads = 0, queued tasks = 0, completed tasks = 159], outboundChannel[pool size = 0, active threads = 0, queued tasks = 0, completed tasks = 37], sockJsScheduler[pool size = 32, active threads = 1, queued tasks = 1, completed tasks = 52839]
2026-07-26T08:11:29.492-05:00  INFO 44112 --- [conteo-electoral] [essageBroker-21] o.s.w.s.c.WebSocketMessageBrokerStats    : WebSocketSession[0 current WS(0)-HttpStream(0)-HttpPoll(0), 18 total, 0 closed abnormally (0 connect failure, 0 send limit, 0 transport error)], stompSubProtocol[processed CONNECT(18)-CONNECTED(18)-DISCONNECT(0)], stompBrokerRelay[null], inboundChannel[pool size = 0, active threads = 0, queued tasks = 0, completed tasks = 159], outboundChannel[pool size = 0, active threads = 0, queued tasks = 0, completed tasks = 37], sockJsScheduler[pool size = 32, active threads = 1, queued tasks = 1, completed tasks = 53200]
2026-07-26T08:41:29.498-05:00  INFO 44112 --- [conteo-electoral] [MessageBroker-4] o.s.w.s.c.WebSocketMessageBrokerStats    : WebSocketSession[0 current WS(0)-HttpStream(0)-HttpPoll(0), 18 total, 0 closed abnormally (0 connect failure, 0 send limit, 0 transport error)], stompSubProtocol[processed CONNECT(18)-CONNECTED(18)-DISCONNECT(0)], stompBrokerRelay[null], inboundChannel[pool size = 0, active threads = 0, queued tasks = 0, completed tasks = 159], outboundChannel[pool size = 0, active threads = 0, queued tasks = 0, completed tasks = 37], sockJsScheduler[pool size = 32, active threads = 1, queued tasks = 1, completed tasks = 53561]
2026-07-26T09:11:29.508-05:00  INFO 44112 --- [conteo-electoral] [essageBroker-19] o.s.w.s.c.WebSocketMessageBrokerStats    : WebSocketSession[0 current WS(0)-HttpStream(0)-HttpPoll(0), 18 total, 0 closed abnormally (0 connect failure, 0 send limit, 0 transport error)], stompSubProtocol[processed CONNECT(18)-CONNECTED(18)-DISCONNECT(0)], stompBrokerRelay[null], inboundChannel[pool size = 0, active threads = 0, queued tasks = 0, completed tasks = 159], outboundChannel[pool size = 0, active threads = 0, queued tasks = 0, completed tasks = 37], sockJsScheduler[pool size = 32, active threads = 1, queued tasks = 1, completed tasks = 53922]
2026-07-26T09:41:29.518-05:00  INFO 44112 --- [conteo-electoral] [essageBroker-28] o.s.w.s.c.WebSocketMessageBrokerStats    : WebSocketSession[0 current WS(0)-HttpStream(0)-HttpPoll(0), 18 total, 0 closed abnormally (0 connect failure, 0 send limit, 0 transport error)], stompSubProtocol[processed CONNECT(18)-CONNECTED(18)-DISCONNECT(0)], stompBrokerRelay[null], inboundChannel[pool size = 0, active threads = 0, queued tasks = 0, completed tasks = 159], outboundChannel[pool size = 0, active threads = 0, queued tasks = 0, completed tasks = 37], sockJsScheduler[pool size = 32, active threads = 1, queued tasks = 1, completed tasks = 54283]
2026-07-26T10:11:29.522-05:00  INFO 44112 --- [conteo-electoral] [essageBroker-32] o.s.w.s.c.WebSocketMessageBrokerStats    : WebSocketSession[0 current WS(0)-HttpStream(0)-HttpPoll(0), 18 total, 0 closed abnormally (0 connect failure, 0 send limit, 0 transport error)], stompSubProtocol[processed CONNECT(18)-CONNECTED(18)-DISCONNECT(0)], stompBrokerRelay[null], inboundChannel[pool size = 0, active threads = 0, queued tasks = 0, completed tasks = 159], outboundChannel[pool size = 0, active threads = 0, queued tasks = 0, completed tasks = 37], sockJsScheduler[pool size = 32, active threads = 1, queued tasks = 1, completed tasks = 54644]
2026-07-26T10:41:29.534-05:00  INFO 44112 --- [conteo-electoral] [MessageBroker-8] o.s.w.s.c.WebSocketMessageBrokerStats    : WebSocketSession[0 current WS(0)-HttpStream(0)-HttpPoll(0), 18 total, 0 closed abnormally (0 connect failure, 0 send limit, 0 transport error)], stompSubProtocol[processed CONNECT(18)-CONNECTED(18)-DISCONNECT(0)], stompBrokerRelay[null], inboundChannel[pool size = 0, active threads = 0, queued tasks = 0, completed tasks = 159], outboundChannel[pool size = 0, active threads = 0, queued tasks = 0, completed tasks = 37], sockJsScheduler[pool size = 32, active threads = 1, queued tasks = 1, completed tasks = 55005]
2026-07-26T11:11:29.546-05:00  INFO 44112 --- [conteo-electoral] [essageBroker-11] o.s.w.s.c.WebSocketMessageBrokerStats    : WebSocketSession[0 current WS(0)-HttpStream(0)-HttpPoll(0), 18 total, 0 closed abnormally (0 connect failure, 0 send limit, 0 transport error)], stompSubProtocol[processed CONNECT(18)-CONNECTED(18)-DISCONNECT(0)], stompBrokerRelay[null], inboundChannel[pool size = 0, active threads = 0, queued tasks = 0, completed tasks = 159], outboundChannel[pool size = 0, active threads = 0, queued tasks = 0, completed tasks = 37], sockJsScheduler[pool size = 32, active threads = 1, queued tasks = 1, completed tasks = 55366]
2026-07-26T11:41:29.553-05:00  INFO 44112 --- [conteo-electoral] [essageBroker-23] o.s.w.s.c.WebSocketMessageBrokerStats    : WebSocketSession[0 current WS(0)-HttpStream(0)-HttpPoll(0), 18 total, 0 closed abnormally (0 connect failure, 0 send limit, 0 transport error)], stompSubProtocol[processed CONNECT(18)-CONNECTED(18)-DISCONNECT(0)], stompBrokerRelay[null], inboundChannel[pool size = 0, active threads = 0, queued tasks = 0, completed tasks = 159], outboundChannel[pool size = 0, active threads = 0, queued tasks = 0, completed tasks = 37], sockJsScheduler[pool size = 32, active threads = 1, queued tasks = 1, completed tasks = 55727]
2026-07-26T12:11:29.558-05:00  INFO 44112 --- [conteo-electoral] [MessageBroker-5] o.s.w.s.c.WebSocketMessageBrokerStats    : WebSocketSession[0 current WS(0)-HttpStream(0)-HttpPoll(0), 18 total, 0 closed abnormally (0 connect failure, 0 send limit, 0 transport error)], stompSubProtocol[processed CONNECT(18)-CONNECTED(18)-DISCONNECT(0)], stompBrokerRelay[null], inboundChannel[pool size = 0, active threads = 0, queued tasks = 0, completed tasks = 159], outboundChannel[pool size = 0, active threads = 0, queued tasks = 0, completed tasks = 37], sockJsScheduler[pool size = 32, active threads = 1, queued tasks = 1, completed tasks = 56088]
2026-07-26T12:41:29.573-05:00  INFO 44112 --- [conteo-electoral] [essageBroker-29] o.s.w.s.c.WebSocketMessageBrokerStats    : WebSocketSession[0 current WS(0)-HttpStream(0)-HttpPoll(0), 18 total, 0 closed abnormally (0 connect failure, 0 send limit, 0 transport error)], stompSubProtocol[processed CONNECT(18)-CONNECTED(18)-DISCONNECT(0)], stompBrokerRelay[null], inboundChannel[pool size = 0, active threads = 0, queued tasks = 0, completed tasks = 159], outboundChannel[pool size = 0, active threads = 0, queued tasks = 0, completed tasks = 37], sockJsScheduler[pool size = 32, active threads = 1, queued tasks = 1, completed tasks = 56449]
2026-07-26T13:11:29.579-05:00  INFO 44112 --- [conteo-electoral] [essageBroker-23] o.s.w.s.c.WebSocketMessageBrokerStats    : WebSocketSession[0 current WS(0)-HttpStream(0)-HttpPoll(0), 18 total, 0 closed abnormally (0 connect failure, 0 send limit, 0 transport error)], stompSubProtocol[processed CONNECT(18)-CONNECTED(18)-DISCONNECT(0)], stompBrokerRelay[null], inboundChannel[pool size = 0, active threads = 0, queued tasks = 0, completed tasks = 159], outboundChannel[pool size = 0, active threads = 0, queued tasks = 0, completed tasks = 37], sockJsScheduler[pool size = 32, active threads = 1, queued tasks = 1, completed tasks = 56810]
2026-07-26T13:41:29.593-05:00  INFO 44112 --- [conteo-electoral] [MessageBroker-9] o.s.w.s.c.WebSocketMessageBrokerStats    : WebSocketSession[0 current WS(0)-HttpStream(0)-HttpPoll(0), 18 total, 0 closed abnormally (0 connect failure, 0 send limit, 0 transport error)], stompSubProtocol[processed CONNECT(18)-CONNECTED(18)-DISCONNECT(0)], stompBrokerRelay[null], inboundChannel[pool size = 0, active threads = 0, queued tasks = 0, completed tasks = 159], outboundChannel[pool size = 0, active threads = 0, queued tasks = 0, completed tasks = 37], sockJsScheduler[pool size = 32, active threads = 1, queued tasks = 1, completed tasks = 57171]
2026-07-26T14:11:29.598-05:00  INFO 44112 --- [conteo-electoral] [essageBroker-15] o.s.w.s.c.WebSocketMessageBrokerStats    : WebSocketSession[0 current WS(0)-HttpStream(0)-HttpPoll(0), 18 total, 0 closed abnormally (0 connect failure, 0 send limit, 0 transport error)], stompSubProtocol[processed CONNECT(18)-CONNECTED(18)-DISCONNECT(0)], stompBrokerRelay[null], inboundChannel[pool size = 0, active threads = 0, queued tasks = 0, completed tasks = 159], outboundChannel[pool size = 0, active threads = 0, queued tasks = 0, completed tasks = 37], sockJsScheduler[pool size = 32, active threads = 1, queued tasks = 1, completed tasks = 57532]
2026-07-26T14:41:29.604-05:00  INFO 44112 --- [conteo-electoral] [MessageBroker-3] o.s.w.s.c.WebSocketMessageBrokerStats    : WebSocketSession[0 current WS(0)-HttpStream(0)-HttpPoll(0), 18 total, 0 closed abnormally (0 connect failure, 0 send limit, 0 transport error)], stompSubProtocol[processed CONNECT(18)-CONNECTED(18)-DISCONNECT(0)], stompBrokerRelay[null], inboundChannel[pool size = 0, active threads = 0, queued tasks = 0, completed tasks = 159], outboundChannel[pool size = 0, active threads = 0, queued tasks = 0, completed tasks = 37], sockJsScheduler[pool size = 32, active threads = 1, queued tasks = 1, completed tasks = 57893]
2026-07-26T15:11:29.609-05:00  INFO 44112 --- [conteo-electoral] [essageBroker-31] o.s.w.s.c.WebSocketMessageBrokerStats    : WebSocketSession[0 current WS(0)-HttpStream(0)-HttpPoll(0), 18 total, 0 closed abnormally (0 connect failure, 0 send limit, 0 transport error)], stompSubProtocol[processed CONNECT(18)-CONNECTED(18)-DISCONNECT(0)], stompBrokerRelay[null], inboundChannel[pool size = 0, active threads = 0, queued tasks = 0, completed tasks = 159], outboundChannel[pool size = 0, active threads = 0, queued tasks = 0, completed tasks = 37], sockJsScheduler[pool size = 32, active threads = 1, queued tasks = 1, completed tasks = 58254]
2026-07-26T15:41:29.619-05:00  INFO 44112 --- [conteo-electoral] [MessageBroker-4] o.s.w.s.c.WebSocketMessageBrokerStats    : WebSocketSession[0 current WS(0)-HttpStream(0)-HttpPoll(0), 18 total, 0 closed abnormally (0 connect failure, 0 send limit, 0 transport error)], stompSubProtocol[processed CONNECT(18)-CONNECTED(18)-DISCONNECT(0)], stompBrokerRelay[null], inboundChannel[pool size = 0, active threads = 0, queued tasks = 0, completed tasks = 159], outboundChannel[pool size = 0, active threads = 0, queued tasks = 0, completed tasks = 37], sockJsScheduler[pool size = 32, active threads = 1, queued tasks = 1, completed tasks = 58615]
2026-07-26T16:11:29.635-05:00  INFO 44112 --- [conteo-electoral] [essageBroker-12] o.s.w.s.c.WebSocketMessageBrokerStats    : WebSocketSession[0 current WS(0)-HttpStream(0)-HttpPoll(0), 18 total, 0 closed abnormally (0 connect failure, 0 send limit, 0 transport error)], stompSubProtocol[processed CONNECT(18)-CONNECTED(18)-DISCONNECT(0)], stompBrokerRelay[null], inboundChannel[pool size = 0, active threads = 0, queued tasks = 0, completed tasks = 159], outboundChannel[pool size = 0, active threads = 0, queued tasks = 0, completed tasks = 37], sockJsScheduler[pool size = 32, active threads = 1, queued tasks = 1, completed tasks = 58976]
2026-07-26T16:41:29.649-05:00  INFO 44112 --- [conteo-electoral] [essageBroker-14] o.s.w.s.c.WebSocketMessageBrokerStats    : WebSocketSession[0 current WS(0)-HttpStream(0)-HttpPoll(0), 18 total, 0 closed abnormally (0 connect failure, 0 send limit, 0 transport error)], stompSubProtocol[processed CONNECT(18)-CONNECTED(18)-DISCONNECT(0)], stompBrokerRelay[null], inboundChannel[pool size = 0, active threads = 0, queued tasks = 0, completed tasks = 159], outboundChannel[pool size = 0, active threads = 0, queued tasks = 0, completed tasks = 37], sockJsScheduler[pool size = 32, active threads = 1, queued tasks = 1, completed tasks = 59337]
2026-07-26T17:11:29.665-05:00  INFO 44112 --- [conteo-electoral] [essageBroker-20] o.s.w.s.c.WebSocketMessageBrokerStats    : WebSocketSession[0 current WS(0)-HttpStream(0)-HttpPoll(0), 18 total, 0 closed abnormally (0 connect failure, 0 send limit, 0 transport error)], stompSubProtocol[processed CONNECT(18)-CONNECTED(18)-DISCONNECT(0)], stompBrokerRelay[null], inboundChannel[pool size = 0, active threads = 0, queued tasks = 0, completed tasks = 159], outboundChannel[pool size = 0, active threads = 0, queued tasks = 0, completed tasks = 37], sockJsScheduler[pool size = 32, active threads = 1, queued tasks = 1, completed tasks = 59698]
2026-07-26T17:41:29.672-05:00  INFO 44112 --- [conteo-electoral] [essageBroker-25] o.s.w.s.c.WebSocketMessageBrokerStats    : WebSocketSession[0 current WS(0)-HttpStream(0)-HttpPoll(0), 18 total, 0 closed abnormally (0 connect failure, 0 send limit, 0 transport error)], stompSubProtocol[processed CONNECT(18)-CONNECTED(18)-DISCONNECT(0)], stompBrokerRelay[null], inboundChannel[pool size = 0, active threads = 0, queued tasks = 0, completed tasks = 159], outboundChannel[pool size = 0, active threads = 0, queued tasks = 0, completed tasks = 37], sockJsScheduler[pool size = 32, active threads = 1, queued tasks = 1, completed tasks = 60059]
2026-07-26T18:11:29.678-05:00  INFO 44112 --- [conteo-electoral] [essageBroker-21] o.s.w.s.c.WebSocketMessageBrokerStats    : WebSocketSession[0 current WS(0)-HttpStream(0)-HttpPoll(0), 18 total, 0 closed abnormally (0 connect failure, 0 send limit, 0 transport error)], stompSubProtocol[processed CONNECT(18)-CONNECTED(18)-DISCONNECT(0)], stompBrokerRelay[null], inboundChannel[pool size = 0, active threads = 0, queued tasks = 0, completed tasks = 159], outboundChannel[pool size = 0, active threads = 0, queued tasks = 0, completed tasks = 37], sockJsScheduler[pool size = 32, active threads = 1, queued tasks = 1, completed tasks = 60420]
2026-07-26T18:41:29.681-05:00  INFO 44112 --- [conteo-electoral] [essageBroker-31] o.s.w.s.c.WebSocketMessageBrokerStats    : WebSocketSession[0 current WS(0)-HttpStream(0)-HttpPoll(0), 18 total, 0 closed abnormally (0 connect failure, 0 send limit, 0 transport error)], stompSubProtocol[processed CONNECT(18)-CONNECTED(18)-DISCONNECT(0)], stompBrokerRelay[null], inboundChannel[pool size = 0, active threads = 0, queued tasks = 0, completed tasks = 159], outboundChannel[pool size = 0, active threads = 0, queued tasks = 0, completed tasks = 37], sockJsScheduler[pool size = 32, active threads = 1, queued tasks = 1, completed tasks = 60781]
2026-07-26T19:11:29.687-05:00  INFO 44112 --- [conteo-electoral] [MessageBroker-6] o.s.w.s.c.WebSocketMessageBrokerStats    : WebSocketSession[0 current WS(0)-HttpStream(0)-HttpPoll(0), 18 total, 0 closed abnormally (0 connect failure, 0 send limit, 0 transport error)], stompSubProtocol[processed CONNECT(18)-CONNECTED(18)-DISCONNECT(0)], stompBrokerRelay[null], inboundChannel[pool size = 0, active threads = 0, queued tasks = 0, completed tasks = 159], outboundChannel[pool size = 0, active threads = 0, queued tasks = 0, completed tasks = 37], sockJsScheduler[pool size = 32, active threads = 1, queued tasks = 1, completed tasks = 61142]
2026-07-26T19:41:29.702-05:00  INFO 44112 --- [conteo-electoral] [MessageBroker-6] o.s.w.s.c.WebSocketMessageBrokerStats    : WebSocketSession[0 current WS(0)-HttpStream(0)-HttpPoll(0), 18 total, 0 closed abnormally (0 connect failure, 0 send limit, 0 transport error)], stompSubProtocol[processed CONNECT(18)-CONNECTED(18)-DISCONNECT(0)], stompBrokerRelay[null], inboundChannel[pool size = 0, active threads = 0, queued tasks = 0, completed tasks = 159], outboundChannel[pool size = 0, active threads = 0, queued tasks = 0, completed tasks = 37], sockJsScheduler[pool size = 32, active threads = 1, queued tasks = 1, completed tasks = 61503]
2026-07-26T20:11:29.721-05:00  INFO 44112 --- [conteo-electoral] [essageBroker-32] o.s.w.s.c.WebSocketMessageBrokerStats    : WebSocketSession[0 current WS(0)-HttpStream(0)-HttpPoll(0), 18 total, 0 closed abnormally (0 connect failure, 0 send limit, 0 transport error)], stompSubProtocol[processed CONNECT(18)-CONNECTED(18)-DISCONNECT(0)], stompBrokerRelay[null], inboundChannel[pool size = 0, active threads = 0, queued tasks = 0, completed tasks = 159], outboundChannel[pool size = 0, active threads = 0, queued tasks = 0, completed tasks = 37], sockJsScheduler[pool size = 32, active threads = 1, queued tasks = 1, completed tasks = 61864]
2026-07-26T20:41:29.730-05:00  INFO 44112 --- [conteo-electoral] [essageBroker-10] o.s.w.s.c.WebSocketMessageBrokerStats    : WebSocketSession[0 current WS(0)-HttpStream(0)-HttpPoll(0), 18 total, 0 closed abnormally (0 connect failure, 0 send limit, 0 transport error)], stompSubProtocol[processed CONNECT(18)-CONNECTED(18)-DISCONNECT(0)], stompBrokerRelay[null], inboundChannel[pool size = 0, active threads = 0, queued tasks = 0, completed tasks = 159], outboundChannel[pool size = 0, active threads = 0, queued tasks = 0, completed tasks = 37], sockJsScheduler[pool size = 32, active threads = 1, queued tasks = 1, completed tasks = 62225]
2026-07-26T21:11:29.745-05:00  INFO 44112 --- [conteo-electoral] [essageBroker-14] o.s.w.s.c.WebSocketMessageBrokerStats    : WebSocketSession[0 current WS(0)-HttpStream(0)-HttpPoll(0), 18 total, 0 closed abnormally (0 connect failure, 0 send limit, 0 transport error)], stompSubProtocol[processed CONNECT(18)-CONNECTED(18)-DISCONNECT(0)], stompBrokerRelay[null], inboundChannel[pool size = 0, active threads = 0, queued tasks = 0, completed tasks = 159], outboundChannel[pool size = 0, active threads = 0, queued tasks = 0, completed tasks = 37], sockJsScheduler[pool size = 32, active threads = 1, queued tasks = 1, completed tasks = 62586]
2026-07-26T21:41:29.749-05:00  INFO 44112 --- [conteo-electoral] [essageBroker-24] o.s.w.s.c.WebSocketMessageBrokerStats    : WebSocketSession[0 current WS(0)-HttpStream(0)-HttpPoll(0), 18 total, 0 closed abnormally (0 connect failure, 0 send limit, 0 transport error)], stompSubProtocol[processed CONNECT(18)-CONNECTED(18)-DISCONNECT(0)], stompBrokerRelay[null], inboundChannel[pool size = 0, active threads = 0, queued tasks = 0, completed tasks = 159], outboundChannel[pool size = 0, active threads = 0, queued tasks = 0, completed tasks = 37], sockJsScheduler[pool size = 32, active threads = 1, queued tasks = 1, completed tasks = 62947]
2026-07-26T22:11:29.754-05:00  INFO 44112 --- [conteo-electoral] [essageBroker-11] o.s.w.s.c.WebSocketMessageBrokerStats    : WebSocketSession[0 current WS(0)-HttpStream(0)-HttpPoll(0), 18 total, 0 closed abnormally (0 connect failure, 0 send limit, 0 transport error)], stompSubProtocol[processed CONNECT(18)-CONNECTED(18)-DISCONNECT(0)], stompBrokerRelay[null], inboundChannel[pool size = 0, active threads = 0, queued tasks = 0, completed tasks = 159], outboundChannel[pool size = 0, active threads = 0, queued tasks = 0, completed tasks = 37], sockJsScheduler[pool size = 32, active threads = 1, queued tasks = 1, completed tasks = 63308]
2026-07-26T22:41:29.763-05:00  INFO 44112 --- [conteo-electoral] [essageBroker-28] o.s.w.s.c.WebSocketMessageBrokerStats    : WebSocketSession[0 current WS(0)-HttpStream(0)-HttpPoll(0), 18 total, 0 closed abnormally (0 connect failure, 0 send limit, 0 transport error)], stompSubProtocol[processed CONNECT(18)-CONNECTED(18)-DISCONNECT(0)], stompBrokerRelay[null], inboundChannel[pool size = 0, active threads = 0, queued tasks = 0, completed tasks = 159], outboundChannel[pool size = 0, active threads = 0, queued tasks = 0, completed tasks = 37], sockJsScheduler[pool size = 32, active threads = 1, queued tasks = 1, completed tasks = 63669]
2026-07-26T23:11:29.780-05:00  INFO 44112 --- [conteo-electoral] [essageBroker-15] o.s.w.s.c.WebSocketMessageBrokerStats    : WebSocketSession[0 current WS(0)-HttpStream(0)-HttpPoll(0), 18 total, 0 closed abnormally (0 connect failure, 0 send limit, 0 transport error)], stompSubProtocol[processed CONNECT(18)-CONNECTED(18)-DISCONNECT(0)], stompBrokerRelay[null], inboundChannel[pool size = 0, active threads = 0, queued tasks = 0, completed tasks = 159], outboundChannel[pool size = 0, active threads = 0, queued tasks = 0, completed tasks = 37], sockJsScheduler[pool size = 32, active threads = 1, queued tasks = 1, completed tasks = 64030]
2026-07-26T23:41:29.784-05:00  INFO 44112 --- [conteo-electoral] [essageBroker-20] o.s.w.s.c.WebSocketMessageBrokerStats    : WebSocketSession[0 current WS(0)-HttpStream(0)-HttpPoll(0), 18 total, 0 closed abnormally (0 connect failure, 0 send limit, 0 transport error)], stompSubProtocol[processed CONNECT(18)-CONNECTED(18)-DISCONNECT(0)], stompBrokerRelay[null], inboundChannel[pool size = 0, active threads = 0, queued tasks = 0, completed tasks = 159], outboundChannel[pool size = 0, active threads = 0, queued tasks = 0, completed tasks = 37], sockJsScheduler[pool size = 32, active threads = 1, queued tasks = 1, completed tasks = 64391]
2026-07-27T00:11:29.791-05:00  INFO 44112 --- [conteo-electoral] [MessageBroker-2] o.s.w.s.c.WebSocketMessageBrokerStats    : WebSocketSession[0 current WS(0)-HttpStream(0)-HttpPoll(0), 18 total, 0 closed abnormally (0 connect failure, 0 send limit, 0 transport error)], stompSubProtocol[processed CONNECT(18)-CONNECTED(18)-DISCONNECT(0)], stompBrokerRelay[null], inboundChannel[pool size = 0, active threads = 0, queued tasks = 0, completed tasks = 159], outboundChannel[pool size = 0, active threads = 0, queued tasks = 0, completed tasks = 37], sockJsScheduler[pool size = 32, active threads = 1, queued tasks = 1, completed tasks = 64752]
2026-07-27T00:41:29.806-05:00  INFO 44112 --- [conteo-electoral] [essageBroker-16] o.s.w.s.c.WebSocketMessageBrokerStats    : WebSocketSession[0 current WS(0)-HttpStream(0)-HttpPoll(0), 18 total, 0 closed abnormally (0 connect failure, 0 send limit, 0 transport error)], stompSubProtocol[processed CONNECT(18)-CONNECTED(18)-DISCONNECT(0)], stompBrokerRelay[null], inboundChannel[pool size = 0, active threads = 0, queued tasks = 0, completed tasks = 159], outboundChannel[pool size = 0, active threads = 0, queued tasks = 0, completed tasks = 37], sockJsScheduler[pool size = 32, active threads = 1, queued tasks = 1, completed tasks = 65113]
2026-07-27T01:11:29.820-05:00  INFO 44112 --- [conteo-electoral] [MessageBroker-4] o.s.w.s.c.WebSocketMessageBrokerStats    : WebSocketSession[0 current WS(0)-HttpStream(0)-HttpPoll(0), 18 total, 0 closed abnormally (0 connect failure, 0 send limit, 0 transport error)], stompSubProtocol[processed CONNECT(18)-CONNECTED(18)-DISCONNECT(0)], stompBrokerRelay[null], inboundChannel[pool size = 0, active threads = 0, queued tasks = 0, completed tasks = 159], outboundChannel[pool size = 0, active threads = 0, queued tasks = 0, completed tasks = 37], sockJsScheduler[pool size = 32, active threads = 1, queued tasks = 1, completed tasks = 65474]
2026-07-27T01:41:29.839-05:00  INFO 44112 --- [conteo-electoral] [essageBroker-28] o.s.w.s.c.WebSocketMessageBrokerStats    : WebSocketSession[0 current WS(0)-HttpStream(0)-HttpPoll(0), 18 total, 0 closed abnormally (0 connect failure, 0 send limit, 0 transport error)], stompSubProtocol[processed CONNECT(18)-CONNECTED(18)-DISCONNECT(0)], stompBrokerRelay[null], inboundChannel[pool size = 0, active threads = 0, queued tasks = 0, completed tasks = 159], outboundChannel[pool size = 0, active threads = 0, queued tasks = 0, completed tasks = 37], sockJsScheduler[pool size = 32, active threads = 1, queued tasks = 1, completed tasks = 65835]
2026-07-27T02:11:29.845-05:00  INFO 44112 --- [conteo-electoral] [essageBroker-24] o.s.w.s.c.WebSocketMessageBrokerStats    : WebSocketSession[0 current WS(0)-HttpStream(0)-HttpPoll(0), 18 total, 0 closed abnormally (0 connect failure, 0 send limit, 0 transport error)], stompSubProtocol[processed CONNECT(18)-CONNECTED(18)-DISCONNECT(0)], stompBrokerRelay[null], inboundChannel[pool size = 0, active threads = 0, queued tasks = 0, completed tasks = 159], outboundChannel[pool size = 0, active threads = 0, queued tasks = 0, completed tasks = 37], sockJsScheduler[pool size = 32, active threads = 1, queued tasks = 1, completed tasks = 66196]
2026-07-27T02:41:29.854-05:00  INFO 44112 --- [conteo-electoral] [MessageBroker-4] o.s.w.s.c.WebSocketMessageBrokerStats    : WebSocketSession[0 current WS(0)-HttpStream(0)-HttpPoll(0), 18 total, 0 closed abnormally (0 connect failure, 0 send limit, 0 transport error)], stompSubProtocol[processed CONNECT(18)-CONNECTED(18)-DISCONNECT(0)], stompBrokerRelay[null], inboundChannel[pool size = 0, active threads = 0, queued tasks = 0, completed tasks = 159], outboundChannel[pool size = 0, active threads = 0, queued tasks = 0, completed tasks = 37], sockJsScheduler[pool size = 32, active threads = 1, queued tasks = 1, completed tasks = 66557]
2026-07-27T03:11:29.867-05:00  INFO 44112 --- [conteo-electoral] [essageBroker-18] o.s.w.s.c.WebSocketMessageBrokerStats    : WebSocketSession[0 current WS(0)-HttpStream(0)-HttpPoll(0), 18 total, 0 closed abnormally (0 connect failure, 0 send limit, 0 transport error)], stompSubProtocol[processed CONNECT(18)-CONNECTED(18)-DISCONNECT(0)], stompBrokerRelay[null], inboundChannel[pool size = 0, active threads = 0, queued tasks = 0, completed tasks = 159], outboundChannel[pool size = 0, active threads = 0, queued tasks = 0, completed tasks = 37], sockJsScheduler[pool size = 32, active threads = 1, queued tasks = 1, completed tasks = 66918]
2026-07-27T03:41:29.878-05:00  INFO 44112 --- [conteo-electoral] [essageBroker-30] o.s.w.s.c.WebSocketMessageBrokerStats    : WebSocketSession[0 current WS(0)-HttpStream(0)-HttpPoll(0), 18 total, 0 closed abnormally (0 connect failure, 0 send limit, 0 transport error)], stompSubProtocol[processed CONNECT(18)-CONNECTED(18)-DISCONNECT(0)], stompBrokerRelay[null], inboundChannel[pool size = 0, active threads = 0, queued tasks = 0, completed tasks = 159], outboundChannel[pool size = 0, active threads = 0, queued tasks = 0, completed tasks = 37], sockJsScheduler[pool size = 32, active threads = 1, queued tasks = 1, completed tasks = 67279]
2026-07-27T04:11:29.885-05:00  INFO 44112 --- [conteo-electoral] [essageBroker-10] o.s.w.s.c.WebSocketMessageBrokerStats    : WebSocketSession[0 current WS(0)-HttpStream(0)-HttpPoll(0), 18 total, 0 closed abnormally (0 connect failure, 0 send limit, 0 transport error)], stompSubProtocol[processed CONNECT(18)-CONNECTED(18)-DISCONNECT(0)], stompBrokerRelay[null], inboundChannel[pool size = 0, active threads = 0, queued tasks = 0, completed tasks = 159], outboundChannel[pool size = 0, active threads = 0, queued tasks = 0, completed tasks = 37], sockJsScheduler[pool size = 32, active threads = 1, queued tasks = 1, completed tasks = 67640]
2026-07-27T04:41:29.889-05:00  INFO 44112 --- [conteo-electoral] [essageBroker-18] o.s.w.s.c.WebSocketMessageBrokerStats    : WebSocketSession[0 current WS(0)-HttpStream(0)-HttpPoll(0), 18 total, 0 closed abnormally (0 connect failure, 0 send limit, 0 transport error)], stompSubProtocol[processed CONNECT(18)-CONNECTED(18)-DISCONNECT(0)], stompBrokerRelay[null], inboundChannel[pool size = 0, active threads = 0, queued tasks = 0, completed tasks = 159], outboundChannel[pool size = 0, active threads = 0, queued tasks = 0, completed tasks = 37], sockJsScheduler[pool size = 32, active threads = 1, queued tasks = 1, completed tasks = 68001]
2026-07-27T05:11:29.896-05:00  INFO 44112 --- [conteo-electoral] [MessageBroker-2] o.s.w.s.c.WebSocketMessageBrokerStats    : WebSocketSession[0 current WS(0)-HttpStream(0)-HttpPoll(0), 18 total, 0 closed abnormally (0 connect failure, 0 send limit, 0 transport error)], stompSubProtocol[processed CONNECT(18)-CONNECTED(18)-DISCONNECT(0)], stompBrokerRelay[null], inboundChannel[pool size = 0, active threads = 0, queued tasks = 0, completed tasks = 159], outboundChannel[pool size = 0, active threads = 0, queued tasks = 0, completed tasks = 37], sockJsScheduler[pool size = 32, active threads = 1, queued tasks = 1, completed tasks = 68362]
2026-07-27T05:41:29.901-05:00  INFO 44112 --- [conteo-electoral] [essageBroker-24] o.s.w.s.c.WebSocketMessageBrokerStats    : WebSocketSession[0 current WS(0)-HttpStream(0)-HttpPoll(0), 18 total, 0 closed abnormally (0 connect failure, 0 send limit, 0 transport error)], stompSubProtocol[processed CONNECT(18)-CONNECTED(18)-DISCONNECT(0)], stompBrokerRelay[null], inboundChannel[pool size = 0, active threads = 0, queued tasks = 0, completed tasks = 159], outboundChannel[pool size = 0, active threads = 0, queued tasks = 0, completed tasks = 37], sockJsScheduler[pool size = 32, active threads = 1, queued tasks = 1, completed tasks = 68723]
2026-07-27T06:11:29.911-05:00  INFO 44112 --- [conteo-electoral] [essageBroker-29] o.s.w.s.c.WebSocketMessageBrokerStats    : WebSocketSession[0 current WS(0)-HttpStream(0)-HttpPoll(0), 18 total, 0 closed abnormally (0 connect failure, 0 send limit, 0 transport error)], stompSubProtocol[processed CONNECT(18)-CONNECTED(18)-DISCONNECT(0)], stompBrokerRelay[null], inboundChannel[pool size = 0, active threads = 0, queued tasks = 0, completed tasks = 159], outboundChannel[pool size = 0, active threads = 0, queued tasks = 0, completed tasks = 37], sockJsScheduler[pool size = 32, active threads = 1, queued tasks = 1, completed tasks = 69084]
2026-07-27T06:41:29.914-05:00  INFO 44112 --- [conteo-electoral] [essageBroker-24] o.s.w.s.c.WebSocketMessageBrokerStats    : WebSocketSession[0 current WS(0)-HttpStream(0)-HttpPoll(0), 18 total, 0 closed abnormally (0 connect failure, 0 send limit, 0 transport error)], stompSubProtocol[processed CONNECT(18)-CONNECTED(18)-DISCONNECT(0)], stompBrokerRelay[null], inboundChannel[pool size = 0, active threads = 0, queued tasks = 0, completed tasks = 159], outboundChannel[pool size = 0, active threads = 0, queued tasks = 0, completed tasks = 37], sockJsScheduler[pool size = 32, active threads = 1, queued tasks = 1, completed tasks = 69445]
2026-07-27T07:11:29.929-05:00  INFO 44112 --- [conteo-electoral] [essageBroker-27] o.s.w.s.c.WebSocketMessageBrokerStats    : WebSocketSession[0 current WS(0)-HttpStream(0)-HttpPoll(0), 18 total, 0 closed abnormally (0 connect failure, 0 send limit, 0 transport error)], stompSubProtocol[processed CONNECT(18)-CONNECTED(18)-DISCONNECT(0)], stompBrokerRelay[null], inboundChannel[pool size = 0, active threads = 0, queued tasks = 0, completed tasks = 159], outboundChannel[pool size = 0, active threads = 0, queued tasks = 0, completed tasks = 37], sockJsScheduler[pool size = 32, active threads = 1, queued tasks = 1, completed tasks = 69806]
2026-07-27T07:41:29.935-05:00  INFO 44112 --- [conteo-electoral] [MessageBroker-1] o.s.w.s.c.WebSocketMessageBrokerStats    : WebSocketSession[0 current WS(0)-HttpStream(0)-HttpPoll(0), 18 total, 0 closed abnormally (0 connect failure, 0 send limit, 0 transport error)], stompSubProtocol[processed CONNECT(18)-CONNECTED(18)-DISCONNECT(0)], stompBrokerRelay[null], inboundChannel[pool size = 0, active threads = 0, queued tasks = 0, completed tasks = 159], outboundChannel[pool size = 0, active threads = 0, queued tasks = 0, completed tasks = 37], sockJsScheduler[pool size = 32, active threads = 1, queued tasks = 1, completed tasks = 70167]
2026-07-27T08:11:29.943-05:00  INFO 44112 --- [conteo-electoral] [MessageBroker-6] o.s.w.s.c.WebSocketMessageBrokerStats    : WebSocketSession[0 current WS(0)-HttpStream(0)-HttpPoll(0), 18 total, 0 closed abnormally (0 connect failure, 0 send limit, 0 transport error)], stompSubProtocol[processed CONNECT(18)-CONNECTED(18)-DISCONNECT(0)], stompBrokerRelay[null], inboundChannel[pool size = 0, active threads = 0, queued tasks = 0, completed tasks = 159], outboundChannel[pool size = 0, active threads = 0, queued tasks = 0, completed tasks = 37], sockJsScheduler[pool size = 32, active threads = 1, queued tasks = 1, completed tasks = 70528]
2026-07-27T08:41:29.953-05:00  INFO 44112 --- [conteo-electoral] [essageBroker-29] o.s.w.s.c.WebSocketMessageBrokerStats    : WebSocketSession[0 current WS(0)-HttpStream(0)-HttpPoll(0), 18 total, 0 closed abnormally (0 connect failure, 0 send limit, 0 transport error)], stompSubProtocol[processed CONNECT(18)-CONNECTED(18)-DISCONNECT(0)], stompBrokerRelay[null], inboundChannel[pool size = 0, active threads = 0, queued tasks = 0, completed tasks = 159], outboundChannel[pool size = 0, active threads = 0, queued tasks = 0, completed tasks = 37], sockJsScheduler[pool size = 32, active threads = 1, queued tasks = 1, completed tasks = 70889]
2026-07-27T09:11:29.968-05:00  INFO 44112 --- [conteo-electoral] [essageBroker-31] o.s.w.s.c.WebSocketMessageBrokerStats    : WebSocketSession[0 current WS(0)-HttpStream(0)-HttpPoll(0), 18 total, 0 closed abnormally (0 connect failure, 0 send limit, 0 transport error)], stompSubProtocol[processed CONNECT(18)-CONNECTED(18)-DISCONNECT(0)], stompBrokerRelay[null], inboundChannel[pool size = 0, active threads = 0, queued tasks = 0, completed tasks = 159], outboundChannel[pool size = 0, active threads = 0, queued tasks = 0, completed tasks = 37], sockJsScheduler[pool size = 32, active threads = 1, queued tasks = 1, completed tasks = 71250]
2026-07-27T09:41:29.976-05:00  INFO 44112 --- [conteo-electoral] [MessageBroker-7] o.s.w.s.c.WebSocketMessageBrokerStats    : WebSocketSession[0 current WS(0)-HttpStream(0)-HttpPoll(0), 18 total, 0 closed abnormally (0 connect failure, 0 send limit, 0 transport error)], stompSubProtocol[processed CONNECT(18)-CONNECTED(18)-DISCONNECT(0)], stompBrokerRelay[null], inboundChannel[pool size = 0, active threads = 0, queued tasks = 0, completed tasks = 159], outboundChannel[pool size = 0, active threads = 0, queued tasks = 0, completed tasks = 37], sockJsScheduler[pool size = 32, active threads = 1, queued tasks = 1, completed tasks = 71611]
2026-07-27T10:11:29.985-05:00  INFO 44112 --- [conteo-electoral] [MessageBroker-9] o.s.w.s.c.WebSocketMessageBrokerStats    : WebSocketSession[0 current WS(0)-HttpStream(0)-HttpPoll(0), 18 total, 0 closed abnormally (0 connect failure, 0 send limit, 0 transport error)], stompSubProtocol[processed CONNECT(18)-CONNECTED(18)-DISCONNECT(0)], stompBrokerRelay[null], inboundChannel[pool size = 0, active threads = 0, queued tasks = 0, completed tasks = 159], outboundChannel[pool size = 0, active threads = 0, queued tasks = 0, completed tasks = 37], sockJsScheduler[pool size = 32, active threads = 1, queued tasks = 1, completed tasks = 71972]
2026-07-27T10:41:29.994-05:00  INFO 44112 --- [conteo-electoral] [essageBroker-11] o.s.w.s.c.WebSocketMessageBrokerStats    : WebSocketSession[0 current WS(0)-HttpStream(0)-HttpPoll(0), 18 total, 0 closed abnormally (0 connect failure, 0 send limit, 0 transport error)], stompSubProtocol[processed CONNECT(18)-CONNECTED(18)-DISCONNECT(0)], stompBrokerRelay[null], inboundChannel[pool size = 0, active threads = 0, queued tasks = 0, completed tasks = 159], outboundChannel[pool size = 0, active threads = 0, queued tasks = 0, completed tasks = 37], sockJsScheduler[pool size = 32, active threads = 1, queued tasks = 1, completed tasks = 72333]
2026-07-27T11:11:31.733-05:00  INFO 44112 --- [conteo-electoral] [essageBroker-26] o.s.w.s.c.WebSocketMessageBrokerStats    : WebSocketSession[0 current WS(0)-HttpStream(0)-HttpPoll(0), 18 total, 0 closed abnormally (0 connect failure, 0 send limit, 0 transport error)], stompSubProtocol[processed CONNECT(18)-CONNECTED(18)-DISCONNECT(0)], stompBrokerRelay[null], inboundChannel[pool size = 0, active threads = 0, queued tasks = 0, completed tasks = 159], outboundChannel[pool size = 0, active threads = 0, queued tasks = 0, completed tasks = 37], sockJsScheduler[pool size = 32, active threads = 1, queued tasks = 1, completed tasks = 72694]
2026-07-27T11:11:55.337-05:00 DEBUG 44112 --- [conteo-electoral] [nio-8081-exec-8] o.s.security.web.FilterChainProxy        : Securing GET /api/carousel
2026-07-27T11:11:55.344-05:00 DEBUG 44112 --- [conteo-electoral] [nio-8081-exec-8] o.s.s.w.a.AnonymousAuthenticationFilter  : Set SecurityContextHolder to anonymous SecurityContext
2026-07-27T11:11:55.346-05:00 DEBUG 44112 --- [conteo-electoral] [nio-8081-exec-8] o.s.security.web.FilterChainProxy        : Secured GET /api/carousel
2026-07-27T11:11:57.296-05:00 DEBUG 44112 --- [conteo-electoral] [nio-8081-exec-2] o.s.security.web.FilterChainProxy        : Securing GET /api/carousel/10/image
2026-07-27T11:11:57.296-05:00 DEBUG 44112 --- [conteo-electoral] [nio-8081-exec-7] o.s.security.web.FilterChainProxy        : Securing GET /api/carousel/6/image
2026-07-27T11:11:57.296-05:00 DEBUG 44112 --- [conteo-electoral] [nio-8081-exec-4] o.s.security.web.FilterChainProxy        : Securing GET /api/carousel/7/image
2026-07-27T11:11:57.296-05:00 DEBUG 44112 --- [conteo-electoral] [nio-8081-exec-9] o.s.security.web.FilterChainProxy        : Securing GET /api/carousel/11/image
2026-07-27T11:11:57.296-05:00 DEBUG 44112 --- [conteo-electoral] [nio-8081-exec-6] o.s.security.web.FilterChainProxy        : Securing GET /api/carousel/9/image
2026-07-27T11:11:57.296-05:00 DEBUG 44112 --- [conteo-electoral] [io-8081-exec-10] o.s.security.web.FilterChainProxy        : Securing GET /api/carousel/8/image
2026-07-27T11:11:57.299-05:00 DEBUG 44112 --- [conteo-electoral] [nio-8081-exec-2] o.s.s.w.a.AnonymousAuthenticationFilter  : Set SecurityContextHolder to anonymous SecurityContext
2026-07-27T11:11:57.299-05:00 DEBUG 44112 --- [conteo-electoral] [nio-8081-exec-7] o.s.s.w.a.AnonymousAuthenticationFilter  : Set SecurityContextHolder to anonymous SecurityContext
2026-07-27T11:11:57.299-05:00 DEBUG 44112 --- [conteo-electoral] [nio-8081-exec-4] o.s.s.w.a.AnonymousAuthenticationFilter  : Set SecurityContextHolder to anonymous SecurityContext
2026-07-27T11:11:57.300-05:00 DEBUG 44112 --- [conteo-electoral] [nio-8081-exec-9] o.s.s.w.a.AnonymousAuthenticationFilter  : Set SecurityContextHolder to anonymous SecurityContext
2026-07-27T11:11:57.300-05:00 DEBUG 44112 --- [conteo-electoral] [nio-8081-exec-6] o.s.s.w.a.AnonymousAuthenticationFilter  : Set SecurityContextHolder to anonymous SecurityContext
2026-07-27T11:11:57.300-05:00 DEBUG 44112 --- [conteo-electoral] [io-8081-exec-10] o.s.s.w.a.AnonymousAuthenticationFilter  : Set SecurityContextHolder to anonymous SecurityContext
2026-07-27T11:11:57.300-05:00 DEBUG 44112 --- [conteo-electoral] [nio-8081-exec-2] o.s.security.web.FilterChainProxy        : Secured GET /api/carousel/10/image
2026-07-27T11:11:57.300-05:00 DEBUG 44112 --- [conteo-electoral] [nio-8081-exec-7] o.s.security.web.FilterChainProxy        : Secured GET /api/carousel/6/image
2026-07-27T11:11:57.301-05:00 DEBUG 44112 --- [conteo-electoral] [nio-8081-exec-4] o.s.security.web.FilterChainProxy        : Secured GET /api/carousel/7/image
2026-07-27T11:11:57.301-05:00 DEBUG 44112 --- [conteo-electoral] [nio-8081-exec-9] o.s.security.web.FilterChainProxy        : Secured GET /api/carousel/11/image
2026-07-27T11:11:57.301-05:00 DEBUG 44112 --- [conteo-electoral] [nio-8081-exec-6] o.s.security.web.FilterChainProxy        : Secured GET /api/carousel/9/image
2026-07-27T11:11:57.301-05:00 DEBUG 44112 --- [conteo-electoral] [io-8081-exec-10] o.s.security.web.FilterChainProxy        : Secured GET /api/carousel/8/image
2026-07-27T11:12:07.637-05:00 DEBUG 44112 --- [conteo-electoral] [nio-8081-exec-5] o.s.security.web.FilterChainProxy        : Securing OPTIONS /api/auth/login
2026-07-27T11:12:07.641-05:00 DEBUG 44112 --- [conteo-electoral] [nio-8081-exec-3] o.s.security.web.FilterChainProxy        : Securing POST /api/auth/login
2026-07-27T11:12:07.642-05:00 DEBUG 44112 --- [conteo-electoral] [nio-8081-exec-3] o.s.s.w.a.AnonymousAuthenticationFilter  : Set SecurityContextHolder to anonymous SecurityContext
2026-07-27T11:12:07.642-05:00 DEBUG 44112 --- [conteo-electoral] [nio-8081-exec-3] o.s.security.web.FilterChainProxy        : Secured POST /api/auth/login
2026-07-27T11:12:07.950-05:00 DEBUG 44112 --- [conteo-electoral] [nio-8081-exec-3] o.s.s.a.dao.DaoAuthenticationProvider    : Authenticated user
2026-07-27T11:12:07.999-05:00 DEBUG 44112 --- [conteo-electoral] [nio-8081-exec-1] o.s.security.web.FilterChainProxy        : Securing OPTIONS /api/auth/me
2026-07-27T11:12:08.001-05:00 DEBUG 44112 --- [conteo-electoral] [nio-8081-exec-8] o.s.security.web.FilterChainProxy        : Securing GET /api/auth/me
2026-07-27T11:12:08.007-05:00 DEBUG 44112 --- [conteo-electoral] [nio-8081-exec-8] o.s.security.web.FilterChainProxy        : Secured GET /api/auth/me
2026-07-27T11:12:08.028-05:00 DEBUG 44112 --- [conteo-electoral] [nio-8081-exec-2] o.s.security.web.FilterChainProxy        : Securing OPTIONS /api/elecciones
2026-07-27T11:12:08.030-05:00 DEBUG 44112 --- [conteo-electoral] [nio-8081-exec-6] o.s.security.web.FilterChainProxy        : Securing GET /api/elecciones
2026-07-27T11:12:08.040-05:00 DEBUG 44112 --- [conteo-electoral] [nio-8081-exec-6] o.s.security.web.FilterChainProxy        : Secured GET /api/elecciones
2026-07-27T11:12:56.506-05:00 DEBUG 44112 --- [conteo-electoral] [nio-8081-exec-9] o.s.security.web.FilterChainProxy        : Securing OPTIONS /api/configuracion
2026-07-27T11:12:56.507-05:00 DEBUG 44112 --- [conteo-electoral] [nio-8081-exec-7] o.s.security.web.FilterChainProxy        : Securing OPTIONS /api/carousel
2026-07-27T11:12:56.507-05:00 DEBUG 44112 --- [conteo-electoral] [io-8081-exec-10] o.s.security.web.FilterChainProxy        : Securing OPTIONS /api/permisos/roles
2026-07-27T11:12:56.507-05:00 DEBUG 44112 --- [conteo-electoral] [nio-8081-exec-4] o.s.security.web.FilterChainProxy        : Securing OPTIONS /api/apk-versions
2026-07-27T11:12:56.507-05:00 DEBUG 44112 --- [conteo-electoral] [nio-8081-exec-5] o.s.security.web.FilterChainProxy        : Securing OPTIONS /api/permisos
2026-07-27T11:12:56.508-05:00 DEBUG 44112 --- [conteo-electoral] [nio-8081-exec-3] o.s.security.web.FilterChainProxy        : Securing GET /api/configuracion
2026-07-27T11:12:56.509-05:00 DEBUG 44112 --- [conteo-electoral] [nio-8081-exec-8] o.s.security.web.FilterChainProxy        : Securing GET /api/permisos/roles
2026-07-27T11:12:56.509-05:00 DEBUG 44112 --- [conteo-electoral] [nio-8081-exec-6] o.s.security.web.FilterChainProxy        : Securing GET /api/permisos
2026-07-27T11:12:56.509-05:00 DEBUG 44112 --- [conteo-electoral] [nio-8081-exec-1] o.s.security.web.FilterChainProxy        : Securing GET /api/carousel
2026-07-27T11:12:56.509-05:00 DEBUG 44112 --- [conteo-electoral] [nio-8081-exec-2] o.s.security.web.FilterChainProxy        : Securing GET /api/apk-versions
2026-07-27T11:12:56.515-05:00 DEBUG 44112 --- [conteo-electoral] [nio-8081-exec-6] o.s.security.web.FilterChainProxy        : Secured GET /api/permisos
2026-07-27T11:12:56.515-05:00 DEBUG 44112 --- [conteo-electoral] [nio-8081-exec-3] o.s.security.web.FilterChainProxy        : Secured GET /api/configuracion
2026-07-27T11:12:56.516-05:00 DEBUG 44112 --- [conteo-electoral] [nio-8081-exec-1] o.s.security.web.FilterChainProxy        : Secured GET /api/carousel
2026-07-27T11:12:56.516-05:00 DEBUG 44112 --- [conteo-electoral] [nio-8081-exec-8] o.s.security.web.FilterChainProxy        : Secured GET /api/permisos/roles
2026-07-27T11:12:56.518-05:00 DEBUG 44112 --- [conteo-electoral] [nio-8081-exec-6] horizationManagerBeforeMethodInterceptor : Authorizing method invocation ReflectiveMethodInvocation: public org.springframework.http.ResponseEntity com.electoral.controllers.PermisoController.getAllPermisos(); target is of class [com.electoral.controllers.PermisoController]
2026-07-27T11:12:56.519-05:00 DEBUG 44112 --- [conteo-electoral] [nio-8081-exec-8] horizationManagerBeforeMethodInterceptor : Authorizing method invocation ReflectiveMethodInvocation: public org.springframework.http.ResponseEntity com.electoral.controllers.PermisoController.getRoles(); target is of class [com.electoral.controllers.PermisoController]
2026-07-27T11:12:56.518-05:00 DEBUG 44112 --- [conteo-electoral] [nio-8081-exec-2] o.s.security.web.FilterChainProxy        : Secured GET /api/apk-versions
2026-07-27T11:12:56.520-05:00 DEBUG 44112 --- [conteo-electoral] [nio-8081-exec-2] horizationManagerBeforeMethodInterceptor : Authorizing method invocation ReflectiveMethodInvocation: public org.springframework.http.ResponseEntity com.electoral.controllers.ApkVersionController.listAll(); target is of class [com.electoral.controllers.ApkVersionController]
2026-07-27T11:12:56.521-05:00 DEBUG 44112 --- [conteo-electoral] [nio-8081-exec-8] horizationManagerBeforeMethodInterceptor : Authorized method invocation ReflectiveMethodInvocation: public org.springframework.http.ResponseEntity com.electoral.controllers.PermisoController.getRoles(); target is of class [com.electoral.controllers.PermisoController]
2026-07-27T11:12:56.521-05:00 DEBUG 44112 --- [conteo-electoral] [nio-8081-exec-2] horizationManagerBeforeMethodInterceptor : Authorized method invocation ReflectiveMethodInvocation: public org.springframework.http.ResponseEntity com.electoral.controllers.ApkVersionController.listAll(); target is of class [com.electoral.controllers.ApkVersionController]
2026-07-27T11:12:56.521-05:00 DEBUG 44112 --- [conteo-electoral] [nio-8081-exec-6] horizationManagerBeforeMethodInterceptor : Authorized method invocation ReflectiveMethodInvocation: public org.springframework.http.ResponseEntity com.electoral.controllers.PermisoController.getAllPermisos(); target is of class [com.electoral.controllers.PermisoController]
2026-07-27T11:13:11.596-05:00 DEBUG 44112 --- [conteo-electoral] [nio-8081-exec-6] o.s.security.web.FilterChainProxy        : Securing GET /api/configuracion/logo?t=1785168791588
2026-07-27T11:13:11.597-05:00 DEBUG 44112 --- [conteo-electoral] [nio-8081-exec-6] o.s.s.w.a.AnonymousAuthenticationFilter  : Set SecurityContextHolder to anonymous SecurityContext
2026-07-27T11:13:11.597-05:00 DEBUG 44112 --- [conteo-electoral] [nio-8081-exec-6] o.s.security.web.FilterChainProxy        : Secured GET /api/configuracion/logo?t=1785168791588
2026-07-27T11:16:41.469-05:00 DEBUG 44112 --- [conteo-electoral] [nio-8081-exec-4] o.s.security.web.FilterChainProxy        : Securing GET /api/apk-versions
2026-07-27T11:16:41.477-05:00 DEBUG 44112 --- [conteo-electoral] [nio-8081-exec-4] o.s.security.web.FilterChainProxy        : Secured GET /api/apk-versions
2026-07-27T11:16:41.478-05:00 DEBUG 44112 --- [conteo-electoral] [nio-8081-exec-4] horizationManagerBeforeMethodInterceptor : Authorizing method invocation ReflectiveMethodInvocation: public org.springframework.http.ResponseEntity com.electoral.controllers.ApkVersionController.listAll(); target is of class [com.electoral.controllers.ApkVersionController]
2026-07-27T11:16:41.478-05:00 DEBUG 44112 --- [conteo-electoral] [nio-8081-exec-4] horizationManagerBeforeMethodInterceptor : Authorized method invocation ReflectiveMethodInvocation: public org.springframework.http.ResponseEntity com.electoral.controllers.ApkVersionController.listAll(); target is of class [com.electoral.controllers.ApkVersionController]
2026-07-27T11:16:55.685-05:00 DEBUG 44112 --- [conteo-electoral] [nio-8081-exec-2] o.s.security.web.FilterChainProxy        : Securing GET /api/auth/me
2026-07-27T11:16:55.696-05:00 DEBUG 44112 --- [conteo-electoral] [nio-8081-exec-2] o.s.security.web.FilterChainProxy        : Secured GET /api/auth/me
2026-07-27T11:16:55.780-05:00 DEBUG 44112 --- [conteo-electoral] [nio-8081-exec-3] o.s.security.web.FilterChainProxy        : Securing GET /api/configuracion
2026-07-27T11:16:55.780-05:00 DEBUG 44112 --- [conteo-electoral] [nio-8081-exec-1] o.s.security.web.FilterChainProxy        : Securing GET /api/apk-versions
2026-07-27T11:16:55.780-05:00 DEBUG 44112 --- [conteo-electoral] [nio-8081-exec-6] o.s.security.web.FilterChainProxy        : Securing GET /api/carousel
2026-07-27T11:16:55.780-05:00 DEBUG 44112 --- [conteo-electoral] [nio-8081-exec-9] o.s.security.web.FilterChainProxy        : Securing GET /api/permisos/roles
2026-07-27T11:16:55.787-05:00 DEBUG 44112 --- [conteo-electoral] [nio-8081-exec-7] o.s.security.web.FilterChainProxy        : Securing GET /api/permisos
2026-07-27T11:16:55.788-05:00 DEBUG 44112 --- [conteo-electoral] [nio-8081-exec-1] o.s.security.web.FilterChainProxy        : Secured GET /api/apk-versions
2026-07-27T11:16:55.788-05:00 DEBUG 44112 --- [conteo-electoral] [nio-8081-exec-9] o.s.security.web.FilterChainProxy        : Secured GET /api/permisos/roles
2026-07-27T11:16:55.788-05:00 DEBUG 44112 --- [conteo-electoral] [nio-8081-exec-3] o.s.security.web.FilterChainProxy        : Secured GET /api/configuracion
2026-07-27T11:16:55.789-05:00 DEBUG 44112 --- [conteo-electoral] [nio-8081-exec-1] horizationManagerBeforeMethodInterceptor : Authorizing method invocation ReflectiveMethodInvocation: public org.springframework.http.ResponseEntity com.electoral.controllers.ApkVersionController.listAll(); target is of class [com.electoral.controllers.ApkVersionController]
2026-07-27T11:16:55.789-05:00 DEBUG 44112 --- [conteo-electoral] [nio-8081-exec-9] horizationManagerBeforeMethodInterceptor : Authorizing method invocation ReflectiveMethodInvocation: public org.springframework.http.ResponseEntity com.electoral.controllers.PermisoController.getRoles(); target is of class [com.electoral.controllers.PermisoController]
2026-07-27T11:16:55.789-05:00 DEBUG 44112 --- [conteo-electoral] [nio-8081-exec-1] horizationManagerBeforeMethodInterceptor : Authorized method invocation ReflectiveMethodInvocation: public org.springframework.http.ResponseEntity com.electoral.controllers.ApkVersionController.listAll(); target is of class [com.electoral.controllers.ApkVersionController]
2026-07-27T11:16:55.789-05:00 DEBUG 44112 --- [conteo-electoral] [nio-8081-exec-9] horizationManagerBeforeMethodInterceptor : Authorized method invocation ReflectiveMethodInvocation: public org.springframework.http.ResponseEntity com.electoral.controllers.PermisoController.getRoles(); target is of class [com.electoral.controllers.PermisoController]
2026-07-27T11:16:55.789-05:00 DEBUG 44112 --- [conteo-electoral] [nio-8081-exec-6] o.s.security.web.FilterChainProxy        : Secured GET /api/carousel
2026-07-27T11:16:55.793-05:00 DEBUG 44112 --- [conteo-electoral] [nio-8081-exec-7] o.s.security.web.FilterChainProxy        : Secured GET /api/permisos
2026-07-27T11:16:55.795-05:00 DEBUG 44112 --- [conteo-electoral] [nio-8081-exec-7] horizationManagerBeforeMethodInterceptor : Authorizing method invocation ReflectiveMethodInvocation: public org.springframework.http.ResponseEntity com.electoral.controllers.PermisoController.getAllPermisos(); target is of class [com.electoral.controllers.PermisoController]
2026-07-27T11:16:55.795-05:00 DEBUG 44112 --- [conteo-electoral] [nio-8081-exec-7] horizationManagerBeforeMethodInterceptor : Authorized method invocation ReflectiveMethodInvocation: public org.springframework.http.ResponseEntity com.electoral.controllers.PermisoController.getAllPermisos(); target is of class [com.electoral.controllers.PermisoController]
2026-07-27T11:17:08.381-05:00 DEBUG 44112 --- [conteo-electoral] [nio-8081-exec-5] o.s.security.web.FilterChainProxy        : Securing GET /api/auth/me
2026-07-27T11:17:08.390-05:00 DEBUG 44112 --- [conteo-electoral] [nio-8081-exec-5] o.s.security.web.FilterChainProxy        : Secured GET /api/auth/me
2026-07-27T11:17:08.492-05:00 DEBUG 44112 --- [conteo-electoral] [io-8081-exec-10] o.s.security.web.FilterChainProxy        : Securing GET /api/configuracion
2026-07-27T11:17:08.493-05:00 DEBUG 44112 --- [conteo-electoral] [nio-8081-exec-8] o.s.security.web.FilterChainProxy        : Securing GET /api/carousel
2026-07-27T11:17:08.494-05:00 DEBUG 44112 --- [conteo-electoral] [nio-8081-exec-2] o.s.security.web.FilterChainProxy        : Securing GET /api/apk-versions
2026-07-27T11:17:08.496-05:00 DEBUG 44112 --- [conteo-electoral] [nio-8081-exec-9] o.s.security.web.FilterChainProxy        : Securing GET /api/permisos/roles
2026-07-27T11:17:08.497-05:00 DEBUG 44112 --- [conteo-electoral] [nio-8081-exec-7] o.s.security.web.FilterChainProxy        : Securing GET /api/permisos
2026-07-27T11:17:08.502-05:00 DEBUG 44112 --- [conteo-electoral] [nio-8081-exec-8] o.s.security.web.FilterChainProxy        : Secured GET /api/carousel
2026-07-27T11:17:08.503-05:00 DEBUG 44112 --- [conteo-electoral] [nio-8081-exec-2] o.s.security.web.FilterChainProxy        : Secured GET /api/apk-versions
2026-07-27T11:17:08.503-05:00 DEBUG 44112 --- [conteo-electoral] [nio-8081-exec-9] o.s.security.web.FilterChainProxy        : Secured GET /api/permisos/roles
2026-07-27T11:17:08.505-05:00 DEBUG 44112 --- [conteo-electoral] [nio-8081-exec-2] horizationManagerBeforeMethodInterceptor : Authorizing method invocation ReflectiveMethodInvocation: public org.springframework.http.ResponseEntity com.electoral.controllers.ApkVersionController.listAll(); target is of class [com.electoral.controllers.ApkVersionController]
2026-07-27T11:17:08.505-05:00 DEBUG 44112 --- [conteo-electoral] [nio-8081-exec-9] horizationManagerBeforeMethodInterceptor : Authorizing method invocation ReflectiveMethodInvocation: public org.springframework.http.ResponseEntity com.electoral.controllers.PermisoController.getRoles(); target is of class [com.electoral.controllers.PermisoController]
2026-07-27T11:17:08.505-05:00 DEBUG 44112 --- [conteo-electoral] [nio-8081-exec-2] horizationManagerBeforeMethodInterceptor : Authorized method invocation ReflectiveMethodInvocation: public org.springframework.http.ResponseEntity com.electoral.controllers.ApkVersionController.listAll(); target is of class [com.electoral.controllers.ApkVersionController]
2026-07-27T11:17:08.506-05:00 DEBUG 44112 --- [conteo-electoral] [nio-8081-exec-9] horizationManagerBeforeMethodInterceptor : Authorized method invocation ReflectiveMethodInvocation: public org.springframework.http.ResponseEntity com.electoral.controllers.PermisoController.getRoles(); target is of class [com.electoral.controllers.PermisoController]
2026-07-27T11:17:08.506-05:00 DEBUG 44112 --- [conteo-electoral] [io-8081-exec-10] o.s.security.web.FilterChainProxy        : Secured GET /api/configuracion
2026-07-27T11:17:08.507-05:00 DEBUG 44112 --- [conteo-electoral] [nio-8081-exec-7] o.s.security.web.FilterChainProxy        : Secured GET /api/permisos
2026-07-27T11:17:08.508-05:00 DEBUG 44112 --- [conteo-electoral] [nio-8081-exec-7] horizationManagerBeforeMethodInterceptor : Authorizing method invocation ReflectiveMethodInvocation: public org.springframework.http.ResponseEntity com.electoral.controllers.PermisoController.getAllPermisos(); target is of class [com.electoral.controllers.PermisoController]
2026-07-27T11:17:08.509-05:00 DEBUG 44112 --- [conteo-electoral] [nio-8081-exec-7] horizationManagerBeforeMethodInterceptor : Authorized method invocation ReflectiveMethodInvocation: public org.springframework.http.ResponseEntity com.electoral.controllers.PermisoController.getAllPermisos(); target is of class [com.electoral.controllers.PermisoController]
2026-07-27T11:17:25.362-05:00 DEBUG 44112 --- [conteo-electoral] [nio-8081-exec-6] o.s.security.web.FilterChainProxy        : Securing GET /api/configuracion/logo?t=1785169045356
2026-07-27T11:17:25.365-05:00 DEBUG 44112 --- [conteo-electoral] [nio-8081-exec-6] o.s.s.w.a.AnonymousAuthenticationFilter  : Set SecurityContextHolder to anonymous SecurityContext
2026-07-27T11:17:25.366-05:00 DEBUG 44112 --- [conteo-electoral] [nio-8081-exec-6] o.s.security.web.FilterChainProxy        : Secured GET /api/configuracion/logo?t=1785169045356
2026-07-27T11:17:32.146-05:00 DEBUG 44112 --- [conteo-electoral] [nio-8081-exec-4] o.s.security.web.FilterChainProxy        : Securing GET /api/auth/me
2026-07-27T11:17:32.155-05:00 DEBUG 44112 --- [conteo-electoral] [nio-8081-exec-4] o.s.security.web.FilterChainProxy        : Secured GET /api/auth/me
2026-07-27T11:17:32.214-05:00 DEBUG 44112 --- [conteo-electoral] [nio-8081-exec-9] o.s.security.web.FilterChainProxy        : Securing GET /api/carousel
2026-07-27T11:17:32.214-05:00 DEBUG 44112 --- [conteo-electoral] [nio-8081-exec-7] o.s.security.web.FilterChainProxy        : Securing GET /api/apk-versions
2026-07-27T11:17:32.214-05:00 DEBUG 44112 --- [conteo-electoral] [nio-8081-exec-5] o.s.security.web.FilterChainProxy        : Securing GET /api/configuracion
2026-07-27T11:17:32.215-05:00 DEBUG 44112 --- [conteo-electoral] [nio-8081-exec-8] o.s.security.web.FilterChainProxy        : Securing GET /api/permisos/roles
2026-07-27T11:17:32.215-05:00 DEBUG 44112 --- [conteo-electoral] [nio-8081-exec-1] o.s.security.web.FilterChainProxy        : Securing GET /api/permisos
2026-07-27T11:17:32.227-05:00 DEBUG 44112 --- [conteo-electoral] [nio-8081-exec-1] o.s.security.web.FilterChainProxy        : Secured GET /api/permisos
2026-07-27T11:17:32.227-05:00 DEBUG 44112 --- [conteo-electoral] [nio-8081-exec-9] o.s.security.web.FilterChainProxy        : Secured GET /api/carousel
2026-07-27T11:17:32.227-05:00 DEBUG 44112 --- [conteo-electoral] [nio-8081-exec-5] o.s.security.web.FilterChainProxy        : Secured GET /api/configuracion
2026-07-27T11:17:32.228-05:00 DEBUG 44112 --- [conteo-electoral] [nio-8081-exec-7] o.s.security.web.FilterChainProxy        : Secured GET /api/apk-versions
2026-07-27T11:17:32.228-05:00 DEBUG 44112 --- [conteo-electoral] [nio-8081-exec-8] o.s.security.web.FilterChainProxy        : Secured GET /api/permisos/roles
2026-07-27T11:17:32.228-05:00 DEBUG 44112 --- [conteo-electoral] [nio-8081-exec-1] horizationManagerBeforeMethodInterceptor : Authorizing method invocation ReflectiveMethodInvocation: public org.springframework.http.ResponseEntity com.electoral.controllers.PermisoController.getAllPermisos(); target is of class [com.electoral.controllers.PermisoController]
2026-07-27T11:17:32.229-05:00 DEBUG 44112 --- [conteo-electoral] [nio-8081-exec-7] horizationManagerBeforeMethodInterceptor : Authorizing method invocation ReflectiveMethodInvocation: public org.springframework.http.ResponseEntity com.electoral.controllers.ApkVersionController.listAll(); target is of class [com.electoral.controllers.ApkVersionController]
2026-07-27T11:17:32.229-05:00 DEBUG 44112 --- [conteo-electoral] [nio-8081-exec-8] horizationManagerBeforeMethodInterceptor : Authorizing method invocation ReflectiveMethodInvocation: public org.springframework.http.ResponseEntity com.electoral.controllers.PermisoController.getRoles(); target is of class [com.electoral.controllers.PermisoController]
2026-07-27T11:17:32.229-05:00 DEBUG 44112 --- [conteo-electoral] [nio-8081-exec-1] horizationManagerBeforeMethodInterceptor : Authorized method invocation ReflectiveMethodInvocation: public org.springframework.http.ResponseEntity com.electoral.controllers.PermisoController.getAllPermisos(); target is of class [com.electoral.controllers.PermisoController]
2026-07-27T11:17:32.229-05:00 DEBUG 44112 --- [conteo-electoral] [nio-8081-exec-7] horizationManagerBeforeMethodInterceptor : Authorized method invocation ReflectiveMethodInvocation: public org.springframework.http.ResponseEntity com.electoral.controllers.ApkVersionController.listAll(); target is of class [com.electoral.controllers.ApkVersionController]
2026-07-27T11:17:32.230-05:00 DEBUG 44112 --- [conteo-electoral] [nio-8081-exec-8] horizationManagerBeforeMethodInterceptor : Authorized method invocation ReflectiveMethodInvocation: public org.springframework.http.ResponseEntity com.electoral.controllers.PermisoController.getRoles(); target is of class [com.electoral.controllers.PermisoController]
2026-07-27T11:17:44.542-05:00 ERROR 44112 --- [conteo-electoral] [nio-8081-exec-6] c.e.exception.GlobalExceptionHandler     : Error interno del servidor: java.io.IOException: Se ha anulado una conexión establecida por el software en su equipo host.

org.apache.catalina.connector.ClientAbortException: java.io.IOException: Se ha anulado una conexión establecida por el software en su equipo host.
	at org.apache.catalina.connector.OutputBuffer.realWriteBytes(OutputBuffer.java:344) ~[tomcat-embed-core-10.1.17.jar:10.1.17]
	at org.apache.catalina.connector.OutputBuffer.appendByteArray(OutputBuffer.java:743) ~[tomcat-embed-core-10.1.17.jar:10.1.17]
	at org.apache.catalina.connector.OutputBuffer.append(OutputBuffer.java:670) ~[tomcat-embed-core-10.1.17.jar:10.1.17]
	at org.apache.catalina.connector.OutputBuffer.writeBytes(OutputBuffer.java:379) ~[tomcat-embed-core-10.1.17.jar:10.1.17]
	at org.apache.catalina.connector.OutputBuffer.write(OutputBuffer.java:357) ~[tomcat-embed-core-10.1.17.jar:10.1.17]
	at org.apache.catalina.connector.CoyoteOutputStream.write(CoyoteOutputStream.java:97) ~[tomcat-embed-core-10.1.17.jar:10.1.17]
	at org.apache.catalina.connector.CoyoteOutputStream.write(CoyoteOutputStream.java:90) ~[tomcat-embed-core-10.1.17.jar:10.1.17]
	at org.springframework.security.web.util.OnCommittedResponseWrapper$SaveContextServletOutputStream.write(OnCommittedResponseWrapper.java:633) ~[spring-security-web-6.2.1.jar:6.2.1]
	at org.springframework.util.StreamUtils.copy(StreamUtils.java:117) ~[spring-core-6.1.2.jar:6.1.2]
	at org.springframework.http.converter.ByteArrayHttpMessageConverter.writeInternal(ByteArrayHttpMessageConverter.java:67) ~[spring-web-6.1.2.jar:6.1.2]
	at org.springframework.http.converter.ByteArrayHttpMessageConverter.writeInternal(ByteArrayHttpMessageConverter.java:38) ~[spring-web-6.1.2.jar:6.1.2]
	at org.springframework.http.converter.AbstractHttpMessageConverter.write(AbstractHttpMessageConverter.java:236) ~[spring-web-6.1.2.jar:6.1.2]
	at org.springframework.web.servlet.mvc.method.annotation.AbstractMessageConverterMethodProcessor.writeWithMessageConverters(AbstractMessageConverterMethodProcessor.java:300) ~[spring-webmvc-6.1.2.jar:6.1.2]
	at org.springframework.web.servlet.mvc.method.annotation.HttpEntityMethodProcessor.handleReturnValue(HttpEntityMethodProcessor.java:245) ~[spring-webmvc-6.1.2.jar:6.1.2]
	at org.springframework.web.method.support.HandlerMethodReturnValueHandlerComposite.handleReturnValue(HandlerMethodReturnValueHandlerComposite.java:78) ~[spring-web-6.1.2.jar:6.1.2]
	at org.springframework.web.servlet.mvc.method.annotation.ServletInvocableHandlerMethod.invokeAndHandle(ServletInvocableHandlerMethod.java:136) ~[spring-webmvc-6.1.2.jar:6.1.2]
	at org.springframework.web.servlet.mvc.method.annotation.RequestMappingHandlerAdapter.invokeHandlerMethod(RequestMappingHandlerAdapter.java:917) ~[spring-webmvc-6.1.2.jar:6.1.2]
	at org.springframework.web.servlet.mvc.method.annotation.RequestMappingHandlerAdapter.handleInternal(RequestMappingHandlerAdapter.java:829) ~[spring-webmvc-6.1.2.jar:6.1.2]
	at org.springframework.web.servlet.mvc.method.AbstractHandlerMethodAdapter.handle(AbstractHandlerMethodAdapter.java:87) ~[spring-webmvc-6.1.2.jar:6.1.2]
	at org.springframework.web.servlet.DispatcherServlet.doDispatch(DispatcherServlet.java:1089) ~[spring-webmvc-6.1.2.jar:6.1.2]
	at org.springframework.web.servlet.DispatcherServlet.doService(DispatcherServlet.java:979) ~[spring-webmvc-6.1.2.jar:6.1.2]
	at org.springframework.web.servlet.FrameworkServlet.processRequest(FrameworkServlet.java:1014) ~[spring-webmvc-6.1.2.jar:6.1.2]
	at org.springframework.web.servlet.FrameworkServlet.doGet(FrameworkServlet.java:903) ~[spring-webmvc-6.1.2.jar:6.1.2]
	at jakarta.servlet.http.HttpServlet.service(HttpServlet.java:564) ~[tomcat-embed-core-10.1.17.jar:6.0]
	at org.springframework.web.servlet.FrameworkServlet.service(FrameworkServlet.java:885) ~[spring-webmvc-6.1.2.jar:6.1.2]
	at jakarta.servlet.http.HttpServlet.service(HttpServlet.java:658) ~[tomcat-embed-core-10.1.17.jar:6.0]
	at org.apache.catalina.core.ApplicationFilterChain.internalDoFilter(ApplicationFilterChain.java:205) ~[tomcat-embed-core-10.1.17.jar:10.1.17]
	at org.apache.catalina.core.ApplicationFilterChain.doFilter(ApplicationFilterChain.java:149) ~[tomcat-embed-core-10.1.17.jar:10.1.17]
	at org.apache.tomcat.websocket.server.WsFilter.doFilter(WsFilter.java:51) ~[tomcat-embed-websocket-10.1.17.jar:10.1.17]
	at org.apache.catalina.core.ApplicationFilterChain.internalDoFilter(ApplicationFilterChain.java:174) ~[tomcat-embed-core-10.1.17.jar:10.1.17]
	at org.apache.catalina.core.ApplicationFilterChain.doFilter(ApplicationFilterChain.java:149) ~[tomcat-embed-core-10.1.17.jar:10.1.17]
	at org.springframework.web.filter.OncePerRequestFilter.doFilter(OncePerRequestFilter.java:110) ~[spring-web-6.1.2.jar:6.1.2]
	at org.apache.catalina.core.ApplicationFilterChain.internalDoFilter(ApplicationFilterChain.java:174) ~[tomcat-embed-core-10.1.17.jar:10.1.17]
	at org.apache.catalina.core.ApplicationFilterChain.doFilter(ApplicationFilterChain.java:149) ~[tomcat-embed-core-10.1.17.jar:10.1.17]
	at org.springframework.web.filter.CompositeFilter$VirtualFilterChain.doFilter(CompositeFilter.java:108) ~[spring-web-6.1.2.jar:6.1.2]
	at org.springframework.security.web.FilterChainProxy.lambda$doFilterInternal$3(FilterChainProxy.java:231) ~[spring-security-web-6.2.1.jar:6.2.1]
	at org.springframework.security.web.FilterChainProxy$VirtualFilterChain.doFilter(FilterChainProxy.java:365) ~[spring-security-web-6.2.1.jar:6.2.1]
	at org.springframework.security.web.access.intercept.AuthorizationFilter.doFilter(AuthorizationFilter.java:100) ~[spring-security-web-6.2.1.jar:6.2.1]
	at org.springframework.security.web.FilterChainProxy$VirtualFilterChain.doFilter(FilterChainProxy.java:374) ~[spring-security-web-6.2.1.jar:6.2.1]
	at org.springframework.security.web.access.ExceptionTranslationFilter.doFilter(ExceptionTranslationFilter.java:126) ~[spring-security-web-6.2.1.jar:6.2.1]
	at org.springframework.security.web.access.ExceptionTranslationFilter.doFilter(ExceptionTranslationFilter.java:120) ~[spring-security-web-6.2.1.jar:6.2.1]
	at org.springframework.security.web.FilterChainProxy$VirtualFilterChain.doFilter(FilterChainProxy.java:374) ~[spring-security-web-6.2.1.jar:6.2.1]
	at org.springframework.security.web.session.SessionManagementFilter.doFilter(SessionManagementFilter.java:131) ~[spring-security-web-6.2.1.jar:6.2.1]
	at org.springframework.security.web.session.SessionManagementFilter.doFilter(SessionManagementFilter.java:85) ~[spring-security-web-6.2.1.jar:6.2.1]
	at org.springframework.security.web.FilterChainProxy$VirtualFilterChain.doFilter(FilterChainProxy.java:374) ~[spring-security-web-6.2.1.jar:6.2.1]
	at org.springframework.security.web.authentication.AnonymousAuthenticationFilter.doFilter(AnonymousAuthenticationFilter.java:100) ~[spring-security-web-6.2.1.jar:6.2.1]
	at org.springframework.security.web.FilterChainProxy$VirtualFilterChain.doFilter(FilterChainProxy.java:374) ~[spring-security-web-6.2.1.jar:6.2.1]
	at org.springframework.security.web.servletapi.SecurityContextHolderAwareRequestFilter.doFilter(SecurityContextHolderAwareRequestFilter.java:179) ~[spring-security-web-6.2.1.jar:6.2.1]
	at org.springframework.security.web.FilterChainProxy$VirtualFilterChain.doFilter(FilterChainProxy.java:374) ~[spring-security-web-6.2.1.jar:6.2.1]
	at org.springframework.security.web.savedrequest.RequestCacheAwareFilter.doFilter(RequestCacheAwareFilter.java:63) ~[spring-security-web-6.2.1.jar:6.2.1]
	at org.springframework.security.web.FilterChainProxy$VirtualFilterChain.doFilter(FilterChainProxy.java:374) ~[spring-security-web-6.2.1.jar:6.2.1]
	at com.electoral.security.JwtAuthenticationFilter.doFilterInternal(JwtAuthenticationFilter.java:40) ~[classes/:na]
	at org.springframework.web.filter.OncePerRequestFilter.doFilter(OncePerRequestFilter.java:116) ~[spring-web-6.1.2.jar:6.1.2]
	at org.springframework.security.web.FilterChainProxy$VirtualFilterChain.doFilter(FilterChainProxy.java:374) ~[spring-security-web-6.2.1.jar:6.2.1]
	at org.springframework.security.web.authentication.logout.LogoutFilter.doFilter(LogoutFilter.java:107) ~[spring-security-web-6.2.1.jar:6.2.1]
	at org.springframework.security.web.authentication.logout.LogoutFilter.doFilter(LogoutFilter.java:93) ~[spring-security-web-6.2.1.jar:6.2.1]
	at org.springframework.security.web.FilterChainProxy$VirtualFilterChain.doFilter(FilterChainProxy.java:374) ~[spring-security-web-6.2.1.jar:6.2.1]
	at org.springframework.web.filter.CorsFilter.doFilterInternal(CorsFilter.java:91) ~[spring-web-6.1.2.jar:6.1.2]
	at org.springframework.web.filter.OncePerRequestFilter.doFilter(OncePerRequestFilter.java:116) ~[spring-web-6.1.2.jar:6.1.2]
	at org.springframework.security.web.FilterChainProxy$VirtualFilterChain.doFilter(FilterChainProxy.java:374) ~[spring-security-web-6.2.1.jar:6.2.1]
	at org.springframework.security.web.header.HeaderWriterFilter.doHeadersAfter(HeaderWriterFilter.java:90) ~[spring-security-web-6.2.1.jar:6.2.1]
	at org.springframework.security.web.header.HeaderWriterFilter.doFilterInternal(HeaderWriterFilter.java:75) ~[spring-security-web-6.2.1.jar:6.2.1]
	at org.springframework.web.filter.OncePerRequestFilter.doFilter(OncePerRequestFilter.java:116) ~[spring-web-6.1.2.jar:6.1.2]
	at org.springframework.security.web.FilterChainProxy$VirtualFilterChain.doFilter(FilterChainProxy.java:374) ~[spring-security-web-6.2.1.jar:6.2.1]
	at org.springframework.security.web.context.SecurityContextHolderFilter.doFilter(SecurityContextHolderFilter.java:82) ~[spring-security-web-6.2.1.jar:6.2.1]
	at org.springframework.security.web.context.SecurityContextHolderFilter.doFilter(SecurityContextHolderFilter.java:69) ~[spring-security-web-6.2.1.jar:6.2.1]
	at org.springframework.security.web.FilterChainProxy$VirtualFilterChain.doFilter(FilterChainProxy.java:374) ~[spring-security-web-6.2.1.jar:6.2.1]
	at org.springframework.security.web.context.request.async.WebAsyncManagerIntegrationFilter.doFilterInternal(WebAsyncManagerIntegrationFilter.java:62) ~[spring-security-web-6.2.1.jar:6.2.1]
	at org.springframework.web.filter.OncePerRequestFilter.doFilter(OncePerRequestFilter.java:116) ~[spring-web-6.1.2.jar:6.1.2]
	at org.springframework.security.web.FilterChainProxy$VirtualFilterChain.doFilter(FilterChainProxy.java:374) ~[spring-security-web-6.2.1.jar:6.2.1]
	at org.springframework.security.web.session.DisableEncodeUrlFilter.doFilterInternal(DisableEncodeUrlFilter.java:42) ~[spring-security-web-6.2.1.jar:6.2.1]
	at org.springframework.web.filter.OncePerRequestFilter.doFilter(OncePerRequestFilter.java:116) ~[spring-web-6.1.2.jar:6.1.2]
	at org.springframework.security.web.FilterChainProxy$VirtualFilterChain.doFilter(FilterChainProxy.java:374) ~[spring-security-web-6.2.1.jar:6.2.1]
	at org.springframework.security.web.FilterChainProxy.doFilterInternal(FilterChainProxy.java:233) ~[spring-security-web-6.2.1.jar:6.2.1]
	at org.springframework.security.web.FilterChainProxy.doFilter(FilterChainProxy.java:191) ~[spring-security-web-6.2.1.jar:6.2.1]
	at org.springframework.web.filter.CompositeFilter$VirtualFilterChain.doFilter(CompositeFilter.java:113) ~[spring-web-6.1.2.jar:6.1.2]
	at org.springframework.web.servlet.handler.HandlerMappingIntrospector.lambda$createCacheFilter$3(HandlerMappingIntrospector.java:195) ~[spring-webmvc-6.1.2.jar:6.1.2]
	at org.springframework.web.filter.CompositeFilter$VirtualFilterChain.doFilter(CompositeFilter.java:113) ~[spring-web-6.1.2.jar:6.1.2]
	at org.springframework.web.filter.CompositeFilter.doFilter(CompositeFilter.java:74) ~[spring-web-6.1.2.jar:6.1.2]
	at org.springframework.security.config.annotation.web.configuration.WebMvcSecurityConfiguration$CompositeFilterChainProxy.doFilter(WebMvcSecurityConfiguration.java:225) ~[spring-security-config-6.2.1.jar:6.2.1]
	at org.springframework.web.filter.DelegatingFilterProxy.invokeDelegate(DelegatingFilterProxy.java:352) ~[spring-web-6.1.2.jar:6.1.2]
	at org.springframework.web.filter.DelegatingFilterProxy.doFilter(DelegatingFilterProxy.java:268) ~[spring-web-6.1.2.jar:6.1.2]
	at org.apache.catalina.core.ApplicationFilterChain.internalDoFilter(ApplicationFilterChain.java:174) ~[tomcat-embed-core-10.1.17.jar:10.1.17]
	at org.apache.catalina.core.ApplicationFilterChain.doFilter(ApplicationFilterChain.java:149) ~[tomcat-embed-core-10.1.17.jar:10.1.17]
	at org.springframework.web.filter.RequestContextFilter.doFilterInternal(RequestContextFilter.java:100) ~[spring-web-6.1.2.jar:6.1.2]
	at org.springframework.web.filter.OncePerRequestFilter.doFilter(OncePerRequestFilter.java:116) ~[spring-web-6.1.2.jar:6.1.2]
	at org.apache.catalina.core.ApplicationFilterChain.internalDoFilter(ApplicationFilterChain.java:174) ~[tomcat-embed-core-10.1.17.jar:10.1.17]
	at org.apache.catalina.core.ApplicationFilterChain.doFilter(ApplicationFilterChain.java:149) ~[tomcat-embed-core-10.1.17.jar:10.1.17]
	at org.springframework.web.filter.FormContentFilter.doFilterInternal(FormContentFilter.java:93) ~[spring-web-6.1.2.jar:6.1.2]
	at org.springframework.web.filter.OncePerRequestFilter.doFilter(OncePerRequestFilter.java:116) ~[spring-web-6.1.2.jar:6.1.2]
	at org.apache.catalina.core.ApplicationFilterChain.internalDoFilter(ApplicationFilterChain.java:174) ~[tomcat-embed-core-10.1.17.jar:10.1.17]
	at org.apache.catalina.core.ApplicationFilterChain.doFilter(ApplicationFilterChain.java:149) ~[tomcat-embed-core-10.1.17.jar:10.1.17]
	at org.springframework.web.filter.CharacterEncodingFilter.doFilterInternal(CharacterEncodingFilter.java:201) ~[spring-web-6.1.2.jar:6.1.2]
	at org.springframework.web.filter.OncePerRequestFilter.doFilter(OncePerRequestFilter.java:116) ~[spring-web-6.1.2.jar:6.1.2]
	at org.apache.catalina.core.ApplicationFilterChain.internalDoFilter(ApplicationFilterChain.java:174) ~[tomcat-embed-core-10.1.17.jar:10.1.17]
	at org.apache.catalina.core.ApplicationFilterChain.doFilter(ApplicationFilterChain.java:149) ~[tomcat-embed-core-10.1.17.jar:10.1.17]
	at org.apache.catalina.core.StandardWrapperValve.invoke(StandardWrapperValve.java:167) ~[tomcat-embed-core-10.1.17.jar:10.1.17]
	at org.apache.catalina.core.StandardContextValve.invoke(StandardContextValve.java:90) ~[tomcat-embed-core-10.1.17.jar:10.1.17]
	at org.apache.catalina.authenticator.AuthenticatorBase.invoke(AuthenticatorBase.java:482) ~[tomcat-embed-core-10.1.17.jar:10.1.17]
	at org.apache.catalina.core.StandardHostValve.invoke(StandardHostValve.java:115) ~[tomcat-embed-core-10.1.17.jar:10.1.17]
	at org.apache.catalina.valves.ErrorReportValve.invoke(ErrorReportValve.java:93) ~[tomcat-embed-core-10.1.17.jar:10.1.17]
	at org.apache.catalina.core.StandardEngineValve.invoke(StandardEngineValve.java:74) ~[tomcat-embed-core-10.1.17.jar:10.1.17]
	at org.apache.catalina.connector.CoyoteAdapter.service(CoyoteAdapter.java:340) ~[tomcat-embed-core-10.1.17.jar:10.1.17]
	at org.apache.coyote.http11.Http11Processor.service(Http11Processor.java:391) ~[tomcat-embed-core-10.1.17.jar:10.1.17]
	at org.apache.coyote.AbstractProcessorLight.process(AbstractProcessorLight.java:63) ~[tomcat-embed-core-10.1.17.jar:10.1.17]
	at org.apache.coyote.AbstractProtocol$ConnectionHandler.process(AbstractProtocol.java:896) ~[tomcat-embed-core-10.1.17.jar:10.1.17]
	at org.apache.tomcat.util.net.NioEndpoint$SocketProcessor.doRun(NioEndpoint.java:1744) ~[tomcat-embed-core-10.1.17.jar:10.1.17]
	at org.apache.tomcat.util.net.SocketProcessorBase.run(SocketProcessorBase.java:52) ~[tomcat-embed-core-10.1.17.jar:10.1.17]
	at org.apache.tomcat.util.threads.ThreadPoolExecutor.runWorker(ThreadPoolExecutor.java:1191) ~[tomcat-embed-core-10.1.17.jar:10.1.17]
	at org.apache.tomcat.util.threads.ThreadPoolExecutor$Worker.run(ThreadPoolExecutor.java:659) ~[tomcat-embed-core-10.1.17.jar:10.1.17]
	at org.apache.tomcat.util.threads.TaskThread$WrappingRunnable.run(TaskThread.java:61) ~[tomcat-embed-core-10.1.17.jar:10.1.17]
	at java.base/java.lang.Thread.run(Thread.java:1583) ~[na:na]
Caused by: java.io.IOException: Se ha anulado una conexión establecida por el software en su equipo host.
	at java.base/sun.nio.ch.SocketDispatcher.write0(Native Method) ~[na:na]
	at java.base/sun.nio.ch.SocketDispatcher.write(SocketDispatcher.java:54) ~[na:na]
	at java.base/sun.nio.ch.IOUtil.writeFromNativeBuffer(IOUtil.java:137) ~[na:na]
	at java.base/sun.nio.ch.IOUtil.write(IOUtil.java:102) ~[na:na]
	at java.base/sun.nio.ch.IOUtil.write(IOUtil.java:58) ~[na:na]
	at java.base/sun.nio.ch.SocketChannelImpl.write(SocketChannelImpl.java:542) ~[na:na]
	at org.apache.tomcat.util.net.NioChannel.write(NioChannel.java:118) ~[tomcat-embed-core-10.1.17.jar:10.1.17]
	at org.apache.tomcat.util.net.NioEndpoint$NioSocketWrapper.doWrite(NioEndpoint.java:1381) ~[tomcat-embed-core-10.1.17.jar:10.1.17]
	at org.apache.tomcat.util.net.SocketWrapperBase.doWrite(SocketWrapperBase.java:764) ~[tomcat-embed-core-10.1.17.jar:10.1.17]
	at org.apache.tomcat.util.net.SocketWrapperBase.writeBlocking(SocketWrapperBase.java:589) ~[tomcat-embed-core-10.1.17.jar:10.1.17]
	at org.apache.tomcat.util.net.SocketWrapperBase.write(SocketWrapperBase.java:533) ~[tomcat-embed-core-10.1.17.jar:10.1.17]
	at org.apache.coyote.http11.Http11OutputBuffer$SocketOutputBuffer.doWrite(Http11OutputBuffer.java:540) ~[tomcat-embed-core-10.1.17.jar:10.1.17]
	at org.apache.coyote.http11.filters.IdentityOutputFilter.doWrite(IdentityOutputFilter.java:73) ~[tomcat-embed-core-10.1.17.jar:10.1.17]
	at org.apache.coyote.http11.Http11OutputBuffer.doWrite(Http11OutputBuffer.java:193) ~[tomcat-embed-core-10.1.17.jar:10.1.17]
	at org.apache.coyote.Response.doWrite(Response.java:616) ~[tomcat-embed-core-10.1.17.jar:10.1.17]
	at org.apache.catalina.connector.OutputBuffer.realWriteBytes(OutputBuffer.java:331) ~[tomcat-embed-core-10.1.17.jar:10.1.17]
	... 111 common frames omitted

2026-07-27T11:17:44.552-05:00  WARN 44112 --- [conteo-electoral] [nio-8081-exec-6] .m.m.a.ExceptionHandlerExceptionResolver : Failure in @ExceptionHandler com.electoral.exception.GlobalExceptionHandler#handleGlobalException(Exception, WebRequest)

org.springframework.http.converter.HttpMessageNotWritableException: No converter for [class com.electoral.exception.ErrorResponse] with preset Content-Type 'image/png'
	at org.springframework.web.servlet.mvc.method.annotation.AbstractMessageConverterMethodProcessor.writeWithMessageConverters(AbstractMessageConverterMethodProcessor.java:319) ~[spring-webmvc-6.1.2.jar:6.1.2]
	at org.springframework.web.servlet.mvc.method.annotation.HttpEntityMethodProcessor.handleReturnValue(HttpEntityMethodProcessor.java:245) ~[spring-webmvc-6.1.2.jar:6.1.2]
	at org.springframework.web.method.support.HandlerMethodReturnValueHandlerComposite.handleReturnValue(HandlerMethodReturnValueHandlerComposite.java:78) ~[spring-web-6.1.2.jar:6.1.2]
	at org.springframework.web.servlet.mvc.method.annotation.ServletInvocableHandlerMethod.invokeAndHandle(ServletInvocableHandlerMethod.java:136) ~[spring-webmvc-6.1.2.jar:6.1.2]
	at org.springframework.web.servlet.mvc.method.annotation.ExceptionHandlerExceptionResolver.doResolveHandlerMethodException(ExceptionHandlerExceptionResolver.java:432) ~[spring-webmvc-6.1.2.jar:6.1.2]
	at org.springframework.web.servlet.handler.AbstractHandlerMethodExceptionResolver.doResolveException(AbstractHandlerMethodExceptionResolver.java:74) ~[spring-webmvc-6.1.2.jar:6.1.2]
	at org.springframework.web.servlet.handler.AbstractHandlerExceptionResolver.resolveException(AbstractHandlerExceptionResolver.java:175) ~[spring-webmvc-6.1.2.jar:6.1.2]
	at org.springframework.web.servlet.handler.HandlerExceptionResolverComposite.resolveException(HandlerExceptionResolverComposite.java:80) ~[spring-webmvc-6.1.2.jar:6.1.2]
	at org.springframework.web.servlet.DispatcherServlet.processHandlerException(DispatcherServlet.java:1357) ~[spring-webmvc-6.1.2.jar:6.1.2]
	at org.springframework.web.servlet.DispatcherServlet.processDispatchResult(DispatcherServlet.java:1160) ~[spring-webmvc-6.1.2.jar:6.1.2]
	at org.springframework.web.servlet.DispatcherServlet.doDispatch(DispatcherServlet.java:1106) ~[spring-webmvc-6.1.2.jar:6.1.2]
	at org.springframework.web.servlet.DispatcherServlet.doService(DispatcherServlet.java:979) ~[spring-webmvc-6.1.2.jar:6.1.2]
	at org.springframework.web.servlet.FrameworkServlet.processRequest(FrameworkServlet.java:1014) ~[spring-webmvc-6.1.2.jar:6.1.2]
	at org.springframework.web.servlet.FrameworkServlet.doGet(FrameworkServlet.java:903) ~[spring-webmvc-6.1.2.jar:6.1.2]
	at jakarta.servlet.http.HttpServlet.service(HttpServlet.java:564) ~[tomcat-embed-core-10.1.17.jar:6.0]
	at org.springframework.web.servlet.FrameworkServlet.service(FrameworkServlet.java:885) ~[spring-webmvc-6.1.2.jar:6.1.2]
	at jakarta.servlet.http.HttpServlet.service(HttpServlet.java:658) ~[tomcat-embed-core-10.1.17.jar:6.0]
	at org.apache.catalina.core.ApplicationFilterChain.internalDoFilter(ApplicationFilterChain.java:205) ~[tomcat-embed-core-10.1.17.jar:10.1.17]
	at org.apache.catalina.core.ApplicationFilterChain.doFilter(ApplicationFilterChain.java:149) ~[tomcat-embed-core-10.1.17.jar:10.1.17]
	at org.apache.tomcat.websocket.server.WsFilter.doFilter(WsFilter.java:51) ~[tomcat-embed-websocket-10.1.17.jar:10.1.17]
	at org.apache.catalina.core.ApplicationFilterChain.internalDoFilter(ApplicationFilterChain.java:174) ~[tomcat-embed-core-10.1.17.jar:10.1.17]
	at org.apache.catalina.core.ApplicationFilterChain.doFilter(ApplicationFilterChain.java:149) ~[tomcat-embed-core-10.1.17.jar:10.1.17]
	at org.springframework.web.filter.OncePerRequestFilter.doFilter(OncePerRequestFilter.java:110) ~[spring-web-6.1.2.jar:6.1.2]
	at org.apache.catalina.core.ApplicationFilterChain.internalDoFilter(ApplicationFilterChain.java:174) ~[tomcat-embed-core-10.1.17.jar:10.1.17]
	at org.apache.catalina.core.ApplicationFilterChain.doFilter(ApplicationFilterChain.java:149) ~[tomcat-embed-core-10.1.17.jar:10.1.17]
	at org.springframework.web.filter.CompositeFilter$VirtualFilterChain.doFilter(CompositeFilter.java:108) ~[spring-web-6.1.2.jar:6.1.2]
	at org.springframework.security.web.FilterChainProxy.lambda$doFilterInternal$3(FilterChainProxy.java:231) ~[spring-security-web-6.2.1.jar:6.2.1]
	at org.springframework.security.web.FilterChainProxy$VirtualFilterChain.doFilter(FilterChainProxy.java:365) ~[spring-security-web-6.2.1.jar:6.2.1]
	at org.springframework.security.web.access.intercept.AuthorizationFilter.doFilter(AuthorizationFilter.java:100) ~[spring-security-web-6.2.1.jar:6.2.1]
	at org.springframework.security.web.FilterChainProxy$VirtualFilterChain.doFilter(FilterChainProxy.java:374) ~[spring-security-web-6.2.1.jar:6.2.1]
	at org.springframework.security.web.access.ExceptionTranslationFilter.doFilter(ExceptionTranslationFilter.java:126) ~[spring-security-web-6.2.1.jar:6.2.1]
	at org.springframework.security.web.access.ExceptionTranslationFilter.doFilter(ExceptionTranslationFilter.java:120) ~[spring-security-web-6.2.1.jar:6.2.1]
	at org.springframework.security.web.FilterChainProxy$VirtualFilterChain.doFilter(FilterChainProxy.java:374) ~[spring-security-web-6.2.1.jar:6.2.1]
	at org.springframework.security.web.session.SessionManagementFilter.doFilter(SessionManagementFilter.java:131) ~[spring-security-web-6.2.1.jar:6.2.1]
	at org.springframework.security.web.session.SessionManagementFilter.doFilter(SessionManagementFilter.java:85) ~[spring-security-web-6.2.1.jar:6.2.1]
	at org.springframework.security.web.FilterChainProxy$VirtualFilterChain.doFilter(FilterChainProxy.java:374) ~[spring-security-web-6.2.1.jar:6.2.1]
	at org.springframework.security.web.authentication.AnonymousAuthenticationFilter.doFilter(AnonymousAuthenticationFilter.java:100) ~[spring-security-web-6.2.1.jar:6.2.1]
	at org.springframework.security.web.FilterChainProxy$VirtualFilterChain.doFilter(FilterChainProxy.java:374) ~[spring-security-web-6.2.1.jar:6.2.1]
	at org.springframework.security.web.servletapi.SecurityContextHolderAwareRequestFilter.doFilter(SecurityContextHolderAwareRequestFilter.java:179) ~[spring-security-web-6.2.1.jar:6.2.1]
	at org.springframework.security.web.FilterChainProxy$VirtualFilterChain.doFilter(FilterChainProxy.java:374) ~[spring-security-web-6.2.1.jar:6.2.1]
	at org.springframework.security.web.savedrequest.RequestCacheAwareFilter.doFilter(RequestCacheAwareFilter.java:63) ~[spring-security-web-6.2.1.jar:6.2.1]
	at org.springframework.security.web.FilterChainProxy$VirtualFilterChain.doFilter(FilterChainProxy.java:374) ~[spring-security-web-6.2.1.jar:6.2.1]
	at com.electoral.security.JwtAuthenticationFilter.doFilterInternal(JwtAuthenticationFilter.java:40) ~[classes/:na]
	at org.springframework.web.filter.OncePerRequestFilter.doFilter(OncePerRequestFilter.java:116) ~[spring-web-6.1.2.jar:6.1.2]
	at org.springframework.security.web.FilterChainProxy$VirtualFilterChain.doFilter(FilterChainProxy.java:374) ~[spring-security-web-6.2.1.jar:6.2.1]
	at org.springframework.security.web.authentication.logout.LogoutFilter.doFilter(LogoutFilter.java:107) ~[spring-security-web-6.2.1.jar:6.2.1]
	at org.springframework.security.web.authentication.logout.LogoutFilter.doFilter(LogoutFilter.java:93) ~[spring-security-web-6.2.1.jar:6.2.1]
	at org.springframework.security.web.FilterChainProxy$VirtualFilterChain.doFilter(FilterChainProxy.java:374) ~[spring-security-web-6.2.1.jar:6.2.1]
	at org.springframework.web.filter.CorsFilter.doFilterInternal(CorsFilter.java:91) ~[spring-web-6.1.2.jar:6.1.2]
	at org.springframework.web.filter.OncePerRequestFilter.doFilter(OncePerRequestFilter.java:116) ~[spring-web-6.1.2.jar:6.1.2]
	at org.springframework.security.web.FilterChainProxy$VirtualFilterChain.doFilter(FilterChainProxy.java:374) ~[spring-security-web-6.2.1.jar:6.2.1]
	at org.springframework.security.web.header.HeaderWriterFilter.doHeadersAfter(HeaderWriterFilter.java:90) ~[spring-security-web-6.2.1.jar:6.2.1]
	at org.springframework.security.web.header.HeaderWriterFilter.doFilterInternal(HeaderWriterFilter.java:75) ~[spring-security-web-6.2.1.jar:6.2.1]
	at org.springframework.web.filter.OncePerRequestFilter.doFilter(OncePerRequestFilter.java:116) ~[spring-web-6.1.2.jar:6.1.2]
	at org.springframework.security.web.FilterChainProxy$VirtualFilterChain.doFilter(FilterChainProxy.java:374) ~[spring-security-web-6.2.1.jar:6.2.1]
	at org.springframework.security.web.context.SecurityContextHolderFilter.doFilter(SecurityContextHolderFilter.java:82) ~[spring-security-web-6.2.1.jar:6.2.1]
	at org.springframework.security.web.context.SecurityContextHolderFilter.doFilter(SecurityContextHolderFilter.java:69) ~[spring-security-web-6.2.1.jar:6.2.1]
	at org.springframework.security.web.FilterChainProxy$VirtualFilterChain.doFilter(FilterChainProxy.java:374) ~[spring-security-web-6.2.1.jar:6.2.1]
	at org.springframework.security.web.context.request.async.WebAsyncManagerIntegrationFilter.doFilterInternal(WebAsyncManagerIntegrationFilter.java:62) ~[spring-security-web-6.2.1.jar:6.2.1]
	at org.springframework.web.filter.OncePerRequestFilter.doFilter(OncePerRequestFilter.java:116) ~[spring-web-6.1.2.jar:6.1.2]
	at org.springframework.security.web.FilterChainProxy$VirtualFilterChain.doFilter(FilterChainProxy.java:374) ~[spring-security-web-6.2.1.jar:6.2.1]
	at org.springframework.security.web.session.DisableEncodeUrlFilter.doFilterInternal(DisableEncodeUrlFilter.java:42) ~[spring-security-web-6.2.1.jar:6.2.1]
	at org.springframework.web.filter.OncePerRequestFilter.doFilter(OncePerRequestFilter.java:116) ~[spring-web-6.1.2.jar:6.1.2]
	at org.springframework.security.web.FilterChainProxy$VirtualFilterChain.doFilter(FilterChainProxy.java:374) ~[spring-security-web-6.2.1.jar:6.2.1]
	at org.springframework.security.web.FilterChainProxy.doFilterInternal(FilterChainProxy.java:233) ~[spring-security-web-6.2.1.jar:6.2.1]
	at org.springframework.security.web.FilterChainProxy.doFilter(FilterChainProxy.java:191) ~[spring-security-web-6.2.1.jar:6.2.1]
	at org.springframework.web.filter.CompositeFilter$VirtualFilterChain.doFilter(CompositeFilter.java:113) ~[spring-web-6.1.2.jar:6.1.2]
	at org.springframework.web.servlet.handler.HandlerMappingIntrospector.lambda$createCacheFilter$3(HandlerMappingIntrospector.java:195) ~[spring-webmvc-6.1.2.jar:6.1.2]
	at org.springframework.web.filter.CompositeFilter$VirtualFilterChain.doFilter(CompositeFilter.java:113) ~[spring-web-6.1.2.jar:6.1.2]
	at org.springframework.web.filter.CompositeFilter.doFilter(CompositeFilter.java:74) ~[spring-web-6.1.2.jar:6.1.2]
	at org.springframework.security.config.annotation.web.configuration.WebMvcSecurityConfiguration$CompositeFilterChainProxy.doFilter(WebMvcSecurityConfiguration.java:225) ~[spring-security-config-6.2.1.jar:6.2.1]
	at org.springframework.web.filter.DelegatingFilterProxy.invokeDelegate(DelegatingFilterProxy.java:352) ~[spring-web-6.1.2.jar:6.1.2]
	at org.springframework.web.filter.DelegatingFilterProxy.doFilter(DelegatingFilterProxy.java:268) ~[spring-web-6.1.2.jar:6.1.2]
	at org.apache.catalina.core.ApplicationFilterChain.internalDoFilter(ApplicationFilterChain.java:174) ~[tomcat-embed-core-10.1.17.jar:10.1.17]
	at org.apache.catalina.core.ApplicationFilterChain.doFilter(ApplicationFilterChain.java:149) ~[tomcat-embed-core-10.1.17.jar:10.1.17]
	at org.springframework.web.filter.RequestContextFilter.doFilterInternal(RequestContextFilter.java:100) ~[spring-web-6.1.2.jar:6.1.2]
	at org.springframework.web.filter.OncePerRequestFilter.doFilter(OncePerRequestFilter.java:116) ~[spring-web-6.1.2.jar:6.1.2]
	at org.apache.catalina.core.ApplicationFilterChain.internalDoFilter(ApplicationFilterChain.java:174) ~[tomcat-embed-core-10.1.17.jar:10.1.17]
	at org.apache.catalina.core.ApplicationFilterChain.doFilter(ApplicationFilterChain.java:149) ~[tomcat-embed-core-10.1.17.jar:10.1.17]
	at org.springframework.web.filter.FormContentFilter.doFilterInternal(FormContentFilter.java:93) ~[spring-web-6.1.2.jar:6.1.2]
	at org.springframework.web.filter.OncePerRequestFilter.doFilter(OncePerRequestFilter.java:116) ~[spring-web-6.1.2.jar:6.1.2]
	at org.apache.catalina.core.ApplicationFilterChain.internalDoFilter(ApplicationFilterChain.java:174) ~[tomcat-embed-core-10.1.17.jar:10.1.17]
	at org.apache.catalina.core.ApplicationFilterChain.doFilter(ApplicationFilterChain.java:149) ~[tomcat-embed-core-10.1.17.jar:10.1.17]
	at org.springframework.web.filter.CharacterEncodingFilter.doFilterInternal(CharacterEncodingFilter.java:201) ~[spring-web-6.1.2.jar:6.1.2]
	at org.springframework.web.filter.OncePerRequestFilter.doFilter(OncePerRequestFilter.java:116) ~[spring-web-6.1.2.jar:6.1.2]
	at org.apache.catalina.core.ApplicationFilterChain.internalDoFilter(ApplicationFilterChain.java:174) ~[tomcat-embed-core-10.1.17.jar:10.1.17]
	at org.apache.catalina.core.ApplicationFilterChain.doFilter(ApplicationFilterChain.java:149) ~[tomcat-embed-core-10.1.17.jar:10.1.17]
	at org.apache.catalina.core.StandardWrapperValve.invoke(StandardWrapperValve.java:167) ~[tomcat-embed-core-10.1.17.jar:10.1.17]
	at org.apache.catalina.core.StandardContextValve.invoke(StandardContextValve.java:90) ~[tomcat-embed-core-10.1.17.jar:10.1.17]
	at org.apache.catalina.authenticator.AuthenticatorBase.invoke(AuthenticatorBase.java:482) ~[tomcat-embed-core-10.1.17.jar:10.1.17]
	at org.apache.catalina.core.StandardHostValve.invoke(StandardHostValve.java:115) ~[tomcat-embed-core-10.1.17.jar:10.1.17]
	at org.apache.catalina.valves.ErrorReportValve.invoke(ErrorReportValve.java:93) ~[tomcat-embed-core-10.1.17.jar:10.1.17]
	at org.apache.catalina.core.StandardEngineValve.invoke(StandardEngineValve.java:74) ~[tomcat-embed-core-10.1.17.jar:10.1.17]
	at org.apache.catalina.connector.CoyoteAdapter.service(CoyoteAdapter.java:340) ~[tomcat-embed-core-10.1.17.jar:10.1.17]
	at org.apache.coyote.http11.Http11Processor.service(Http11Processor.java:391) ~[tomcat-embed-core-10.1.17.jar:10.1.17]
	at org.apache.coyote.AbstractProcessorLight.process(AbstractProcessorLight.java:63) ~[tomcat-embed-core-10.1.17.jar:10.1.17]
	at org.apache.coyote.AbstractProtocol$ConnectionHandler.process(AbstractProtocol.java:896) ~[tomcat-embed-core-10.1.17.jar:10.1.17]
	at org.apache.tomcat.util.net.NioEndpoint$SocketProcessor.doRun(NioEndpoint.java:1744) ~[tomcat-embed-core-10.1.17.jar:10.1.17]
	at org.apache.tomcat.util.net.SocketProcessorBase.run(SocketProcessorBase.java:52) ~[tomcat-embed-core-10.1.17.jar:10.1.17]
	at org.apache.tomcat.util.threads.ThreadPoolExecutor.runWorker(ThreadPoolExecutor.java:1191) ~[tomcat-embed-core-10.1.17.jar:10.1.17]
	at org.apache.tomcat.util.threads.ThreadPoolExecutor$Worker.run(ThreadPoolExecutor.java:659) ~[tomcat-embed-core-10.1.17.jar:10.1.17]
	at org.apache.tomcat.util.threads.TaskThread$WrappingRunnable.run(TaskThread.java:61) ~[tomcat-embed-core-10.1.17.jar:10.1.17]
	at java.base/java.lang.Thread.run(Thread.java:1583) ~[na:na]

2026-07-27T11:17:51.003-05:00 DEBUG 44112 --- [conteo-electoral] [nio-8081-exec-3] o.s.security.web.FilterChainProxy        : Securing GET /api/configuracion/logo?t=1785169070996
2026-07-27T11:17:51.006-05:00 DEBUG 44112 --- [conteo-electoral] [nio-8081-exec-3] o.s.s.w.a.AnonymousAuthenticationFilter  : Set SecurityContextHolder to anonymous SecurityContext
2026-07-27T11:17:51.006-05:00 DEBUG 44112 --- [conteo-electoral] [nio-8081-exec-3] o.s.security.web.FilterChainProxy        : Secured GET /api/configuracion/logo?t=1785169070996
2026-07-27T11:17:53.580-05:00 DEBUG 44112 --- [conteo-electoral] [nio-8081-exec-2] o.s.security.web.FilterChainProxy        : Securing GET /api/apk-versions
2026-07-27T11:17:53.590-05:00 DEBUG 44112 --- [conteo-electoral] [nio-8081-exec-2] o.s.security.web.FilterChainProxy        : Secured GET /api/apk-versions
2026-07-27T11:17:53.591-05:00 DEBUG 44112 --- [conteo-electoral] [nio-8081-exec-2] horizationManagerBeforeMethodInterceptor : Authorizing method invocation ReflectiveMethodInvocation: public org.springframework.http.ResponseEntity com.electoral.controllers.ApkVersionController.listAll(); target is of class [com.electoral.controllers.ApkVersionController]
2026-07-27T11:17:53.591-05:00 DEBUG 44112 --- [conteo-electoral] [nio-8081-exec-2] horizationManagerBeforeMethodInterceptor : Authorized method invocation ReflectiveMethodInvocation: public org.springframework.http.ResponseEntity com.electoral.controllers.ApkVersionController.listAll(); target is of class [com.electoral.controllers.ApkVersionController]
[INFO] ------------------------------------------------------------------------
[INFO] BUILD FAILURE
[INFO] ------------------------------------------------------------------------
[INFO] Total time:  3 d 20:38 h
[INFO] Finished at: 2026-07-27T11:18:17-05:00
[INFO] ------------------------------------------------------------------------
[ERROR] Failed to execute goal org.springframework.boot:spring-boot-maven-plugin:3.2.1:run (default-cli) on project conteo-electoral: Process terminated with exit code: -1 -> [Help 1]
[ERROR] 
[ERROR] To see the full stack trace of the errors, re-run Maven with the -e switch.
[ERROR] Re-run Maven using the -X switch to enable full debug logging.
[ERROR] 
[ERROR] For more information about the errors and possible solutions, please read the following articles:
[ERROR] [Help 1] http://cwiki.apache.org/confluence/display/MAVEN/MojoExecutionException
